repository_id,pull_request_number,full_divergence,python_divergence,delta,total_files,python_files,non_python_files,total_changes,python_changes,non_python_changes,non_python_ratio,non_python_change_ratio,module_count,documentation_files,configuration_files,test_files,assets_files,other_files
1,232,0.827139607961741,0.827139607961741,0.0,1,1,0,3,3,0,0.0,0.0,1,0,0,0,0,0
1,236,0.343619645305265,0.343619645305265,0.0,1,1,0,11,11,0,0.0,0.0,1,0,0,0,0,0
1,237,0.9132659983187191,0.9132659983187191,0.0,1,1,0,5,5,0,0.0,0.0,1,0,0,0,0,0
1,252,0.7766753152929728,0.7766753152929728,0.0,1,1,0,6,6,0,0.0,0.0,1,0,0,0,0,0
1,275,0.5474465160861746,0.5474465160861746,0.0,1,1,0,2,2,0,0.0,0.0,1,0,0,0,0,0
1,277,0.4204482799906961,0.4204482799906961,0.0,1,1,0,1,1,0,0.0,0.0,1,0,0,0,0,0
1,282,0.7885900596179222,0.8594038916343139,0.07081383201639169,2,1,1,4,2,2,0.5,0.5,2,1,0,0,0,0
1,284,0.9527421001802777,0.9527421001802777,0.0,1,1,0,7,7,0,0.0,0.0,1,0,0,0,0,0
1,307,0.5021217695734412,0.5021217695734412,0.0,4,4,0,123,123,0,0.0,0.0,4,0,0,0,0,0
1,309,0.43879269730942605,0.43879269730942605,0.0,2,2,0,5,5,0,0.0,0.0,2,0,0,0,0,0
1,320,0.5237221918313566,0.5237221918313566,0.0,1,1,0,2,2,0,0.0,0.0,1,0,0,0,0,0
1,322,0.41700341406443064,0.41700341406443064,0.0,1,1,0,2,2,0,0.0,0.0,1,0,0,0,0,0
1,324,0.699856835310782,0.699856835310782,0.0,1,1,0,4,4,0,0.0,0.0,1,0,0,0,0,0
1,327,0.9167847325157759,0.9167847325157759,0.0,1,1,0,2,2,0,0.0,0.0,1,0,0,0,0,0
1,347,0.6045406302293977,0.6045406302293977,0.0,1,1,0,26,26,0,0.0,0.0,1,0,0,0,0,0
1,387,0.7460180621261718,0.8845950602800602,0.13857699815388835,3,1,2,14,10,4,0.6666666666666666,0.2857142857142857,3,2,0,0,0,0
1,390,0.5080986678893045,0.5080986678893045,0.0,1,1,0,2,2,0,0.0,0.0,1,0,0,0,0,0
1,392,0.7999948666390146,0.9231977478817901,0.12320288124277545,5,1,4,22,8,14,0.8,0.6363636363636364,5,3,0,0,0,1
1,396,0.6013020864401448,0.6013020864401448,0.0,1,1,0,6,6,0,0.0,0.0,1,0,0,0,0,0
1,409,0.6318508293683032,0.6318508293683032,0.0,2,2,0,27,27,0,0.0,0.0,2,0,0,0,0,0
1,413,0.4825041027483824,0.5653445089063854,0.08284040615800303,8,4,4,100,60,40,0.5,0.4,8,0,0,0,0,4
1,415,0.8774446550994902,0.8774446550994902,0.0,2,2,0,21,21,0,0.0,0.0,2,0,0,0,0,0
1,416,0.4507937850386552,0.4507937850386552,0.0,1,1,0,7,7,0,0.0,0.0,1,0,0,0,0,0
1,417,0.9388288859943105,0.9388288859943105,0.0,1,1,0,4,4,0,0.0,0.0,1,0,0,0,0,0
1,420,0.5092785505899018,0.5092785505899018,0.0,1,1,0,6,6,0,0.0,0.0,1,0,0,0,0,0
1,430,0.8641516254057302,0.8784256852806938,0.014274059874963552,3,2,1,48,45,3,0.3333333333333333,0.0625,3,0,0,0,0,1
1,431,0.8506564811463401,0.8966230715312699,0.045966590384929784,2,1,1,77,64,13,0.5,0.16883116883116883,2,0,0,0,0,1
1,433,0.5978723319410825,0.5978723319410825,0.0,2,2,0,37,37,0,0.0,0.0,2,0,0,0,0,0
1,437,0.6269597158478246,0.6729744542243803,0.046014738376555675,3,2,1,40,36,4,0.3333333333333333,0.1,3,1,0,0,0,0
1,439,0.6570858119149294,0.6414740216298834,-0.015611790285046001,4,3,1,82,80,2,0.25,0.024390243902439025,4,0,0,0,0,1
1,444,0.4866867997517673,0.4866867997517673,0.0,1,1,0,8,8,0,0.0,0.0,1,0,0,0,0,0
1,453,0.730234596211366,0.730234596211366,0.0,1,1,0,4,4,0,0.0,0.0,1,0,0,0,0,0
1,455,0.912754962574453,0.912754962574453,0.0,1,1,0,2,2,0,0.0,0.0,1,0,0,0,0,0
1,465,0.48207735190855894,0.48207735190855894,0.0,1,1,0,2,2,0,0.0,0.0,1,0,0,0,0,0
1,469,0.8715122710147611,0.8715122710147611,0.0,1,1,0,1,1,0,0.0,0.0,1,0,0,0,0,0
1,470,0.4035903058749194,0.4035903058749194,0.0,1,1,0,31,31,0,0.0,0.0,1,0,0,0,0,0
1,473,0.4384913490825484,0.4384913490825484,0.0,1,1,0,11,11,0,0.0,0.0,1,0,0,0,0,0
1,483,0.952778239836685,0.952778239836685,0.0,1,1,0,2,2,0,0.0,0.0,1,0,0,0,0,0
1,489,0.9498722685580101,0.9498722685580101,0.0,1,1,0,6,6,0,0.0,0.0,1,0,0,0,0,0
1,492,0.43827635527311526,0.43827635527311526,0.0,1,1,0,2,2,0,0.0,0.0,1,0,0,0,0,0
1,497,0.4529772534688845,0.4529772534688845,0.0,2,2,0,25,25,0,0.0,0.0,2,0,0,0,0,0
1,505,0.9142883605017581,0.9142883605017581,0.0,1,1,0,16,16,0,0.0,0.0,1,0,0,0,0,0
1,506,0.9034997866442921,0.9034997866442921,0.0,1,1,0,2,2,0,0.0,0.0,1,0,0,0,0,0
1,509,0.49232558108902247,0.49232558108902247,0.0,1,1,0,1,1,0,0.0,0.0,1,0,0,0,0,0
1,514,0.5263256428049156,0.5263256428049156,0.0,1,1,0,10,10,0,0.0,0.0,1,0,0,0,0,0
1,515,0.47616973814742636,0.7968007224965639,0.3206309843491375,2,1,1,21,10,11,0.5,0.5238095238095238,2,0,1,0,0,0
1,527,0.952492336092163,0.952492336092163,0.0,1,1,0,2,2,0,0.0,0.0,1,0,0,0,0,0
1,530,0.8905360974875662,0.8905360974875662,0.0,1,1,0,2,2,0,0.0,0.0,1,0,0,0,0,0
1,533,0.5730174898398757,0.5730174898398757,0.0,1,1,0,2,2,0,0.0,0.0,1,0,0,0,0,0
1,538,0.4772116807553588,0.4772116807553588,0.0,1,1,0,4,4,0,0.0,0.0,1,0,0,0,0,0
1,543,0.3550432179694357,0.3550432179694357,0.0,1,1,0,10,10,0,0.0,0.0,1,0,0,0,0,0
1,564,0.5329137464464422,0.5329137464464422,0.0,1,1,0,2,2,0,0.0,0.0,1,0,0,0,0,0
1,565,0.4590531389999316,0.4590531389999316,0.0,1,1,0,8,8,0,0.0,0.0,1,0,0,0,0,0
1,567,0.9953801491603945,0.9953801491603945,0.0,1,1,0,2,2,0,0.0,0.0,1,0,0,0,0,0
1,571,0.8178620835912984,0.8178620835912984,0.0,1,1,0,6,6,0,0.0,0.0,1,0,0,0,0,0
1,574,0.4707425864049991,0.4707425864049991,0.0,1,1,0,4,4,0,0.0,0.0,1,0,0,0,0,0
1,578,0.8680717587545757,0.8680717587545757,0.0,1,1,0,2,2,0,0.0,0.0,1,0,0,0,0,0
1,583,0.9663906927775142,0.9663906927775142,0.0,1,1,0,2,2,0,0.0,0.0,1,0,0,0,0,0
1,591,0.8993103910590523,0.9570344526397085,0.05772406158065624,6,4,2,36,30,6,0.3333333333333333,0.16666666666666666,6,2,0,0,0,0
1,594,0.3938231732431007,0.3938231732431007,0.0,1,1,0,4,4,0,0.0,0.0,1,0,0,0,0,0
1,603,0.92370155997948,0.92370155997948,0.0,1,1,0,2,2,0,0.0,0.0,1,0,0,0,0,0
1,614,0.38283080335413877,0.38283080335413877,0.0,2,2,0,4,4,0,0.0,0.0,2,0,0,0,0,0
1,619,0.35973249781162175,0.35973249781162175,0.0,1,1,0,2,2,0,0.0,0.0,1,0,0,0,0,0
1,625,0.41473963976734773,0.49833610832789144,0.0835964685605437,2,1,1,11,7,4,0.5,0.36363636363636365,2,1,0,0,0,0
1,630,0.8333122386354499,0.8333122386354499,0.0,1,1,0,5,5,0,0.0,0.0,1,0,0,0,0,0
1,635,0.857899325240863,0.857899325240863,0.0,1,1,0,9,9,0,0.0,0.0,1,0,0,0,0,0
1,667,0.8496107014261385,0.8496107014261385,0.0,2,2,0,34,34,0,0.0,0.0,2,0,0,0,0,0
1,687,0.7052854681700267,0.7052854681700267,0.0,4,4,0,33,33,0,0.0,0.0,4,0,0,0,0,0
1,700,0.31890122758273254,0.31890122758273254,0.0,1,1,0,2,2,0,0.0,0.0,1,0,0,0,0,0
1,707,0.8891366377536002,0.8891366377536002,0.0,1,1,0,5,5,0,0.0,0.0,1,0,0,0,0,0
1,708,0.5358026097608135,0.5358026097608135,0.0,1,1,0,2,2,0,0.0,0.0,1,0,0,0,0,0
1,730,0.7111159588766547,0.7006772749259547,-0.010438683950700023,6,4,2,99,85,14,0.3333333333333333,0.1414141414141414,6,0,0,0,0,2
1,731,0.681251461814631,0.7230545672128246,0.04180310539819354,10,4,6,28,10,18,0.6,0.6428571428571429,10,4,1,0,0,1
1,732,0.7822923934957878,0.7822923934957878,0.0,12,12,0,64,64,0,0.0,0.0,12,0,0,0,0,0
1,733,0.836581486154362,0.836581486154362,0.0,1,1,0,2,2,0,0.0,0.0,1,0,0,0,0,0
1,734,0.8518312041584949,0.8518312041584949,0.0,1,1,0,2,2,0,0.0,0.0,1,0,0,0,0,0
1,735,0.7607209150804869,0.7607209150804869,0.0,13,13,0,61,61,0,0.0,0.0,13,0,0,0,0,0
1,736,0.7841708856461527,0.7841708856461527,0.0,24,24,0,227,227,0,0.0,0.0,24,0,0,0,0,0
1,737,0.9104396012343414,0.9104396012343414,0.0,9,9,0,251,251,0,0.0,0.0,9,0,0,0,0,0
1,739,0.7255759834587501,0.7255759834587501,0.0,1,1,0,5,5,0,0.0,0.0,1,0,0,0,0,0
1,740,0.37398996295341935,0.37398996295341935,0.0,1,1,0,8,8,0,0.0,0.0,1,0,0,0,0,0
1,741,0.9231854378172243,0.9231854378172243,0.0,1,1,0,2,2,0,0.0,0.0,1,0,0,0,0,0
1,742,0.41356551326113766,0.38752808113056225,-0.02603743213057541,8,6,2,82,78,4,0.25,0.04878048780487805,8,2,0,0,0,0
1,743,0.4664971978520308,0.4664971978520308,0.0,1,1,0,5,5,0,0.0,0.0,1,0,0,0,0,0
1,744,0.8405561426458028,0.8405561426458028,0.0,7,7,0,17,17,0,0.0,0.0,7,0,0,0,0,0
1,745,0.7458851825578592,0.7458851825578592,0.0,1,1,0,4,4,0,0.0,0.0,1,0,0,0,0,0
1,746,0.9444046946310357,0.9444046946310357,0.0,5,5,0,20,20,0,0.0,0.0,5,0,0,0,0,0
1,747,0.9428508866598422,0.9428508866598422,0.0,6,6,0,26,26,0,0.0,0.0,6,0,0,0,0,0
1,751,0.8734282585664055,0.8734282585664055,0.0,2,2,0,5,5,0,0.0,0.0,2,0,0,0,0,0
1,764,1.003621616207439,1.003621616207439,0.0,1,1,0,2,2,0,0.0,0.0,1,0,0,0,0,0
1,766,0.5142402737991811,0.5142402737991811,0.0,2,2,0,31,31,0,0.0,0.0,2,0,0,0,0,0
1,775,0.45578583947800444,0.45578583947800444,0.0,3,3,0,24,24,0,0.0,0.0,3,0,0,0,0,0
1,811,0.5414438600154068,0.5414438600154068,0.0,1,1,0,5,5,0,0.0,0.0,1,0,0,0,0,0
1,816,0.9361268131402387,0.9361268131402387,0.0,2,2,0,10,10,0,0.0,0.0,2,0,0,0,0,0
1,819,0.7956245801970436,0.7956245801970436,0.0,1,1,0,34,34,0,0.0,0.0,1,0,0,0,0,0
1,820,0.807776752789637,0.807776752789637,0.0,1,1,0,2,2,0,0.0,0.0,1,0,0,0,0,0
1,827,0.7400426506942233,0.7382803484927756,-0.0017623022014476852,3,2,1,50,46,4,0.3333333333333333,0.08,3,0,0,0,0,1
1,838,0.8088512158488566,0.8088512158488566,0.0,1,1,0,2,2,0,0.0,0.0,1,0,0,0,0,0
1,839,0.6348351906378831,0.5750563747305244,-0.05977881590735867,3,2,1,52,46,6,0.3333333333333333,0.11538461538461539,3,0,0,0,0,1
1,840,0.9930164767003831,0.9930164767003831,0.0,1,1,0,2,2,0,0.0,0.0,1,0,0,0,0,0
1,843,0.8803761043491485,0.8803761043491485,0.0,1,1,0,4,4,0,0.0,0.0,1,0,0,0,0,0
1,851,0.3923913573952913,0.3923913573952913,0.0,1,1,0,12,12,0,0.0,0.0,1,0,0,0,0,0
1,859,0.7832658765289886,0.7832658765289886,0.0,2,2,0,44,44,0,0.0,0.0,2,0,0,0,0,0
1,862,0.5465897099955865,0.5465897099955865,0.0,2,2,0,6,6,0,0.0,0.0,2,0,0,0,0,0
1,864,0.7074904092915182,0.7074904092915182,0.0,1,1,0,2,2,0,0.0,0.0,1,0,0,0,0,0
1,876,0.4978896428274503,0.44877772087912915,-0.04911192194832115,4,2,2,28,15,13,0.5,0.4642857142857143,4,1,0,0,0,1
1,877,0.6531338665848117,0.6531338665848117,0.0,1,1,0,2,2,0,0.0,0.0,1,0,0,0,0,0
1,885,0.5666844499993312,0.5666844499993312,0.0,1,1,0,14,14,0,0.0,0.0,1,0,0,0,0,0
1,891,0.5006025344273141,0.5006025344273141,0.0,1,1,0,4,4,0,0.0,0.0,1,0,0,0,0,0
1,895,0.9654319533874819,0.9654319533874819,0.0,1,1,0,2,2,0,0.0,0.0,1,0,0,0,0,0
1,919,0.3892065098727634,0.3892065098727634,0.0,1,1,0,10,10,0,0.0,0.0,1,0,0,0,0,0
1,936,0.6429234702756206,0.6429234702756206,0.0,1,1,0,2,2,0,0.0,0.0,1,0,0,0,0,0
1,938,0.6220462206409123,0.5902385730681341,-0.03180764757277821,3,2,1,59,53,6,0.3333333333333333,0.1016949152542373,3,1,0,0,0,0
1,946,0.9382891643438397,0.9382891643438397,0.0,1,1,0,4,4,0,0.0,0.0,1,0,0,0,0,0
1,960,0.790115652444866,0.790115652444866,0.0,2,2,0,49,49,0,0.0,0.0,2,0,0,0,0,0
1,961,0.9312455185647476,0.9312455185647476,0.0,1,1,0,2,2,0,0.0,0.0,1,0,0,0,0,0
1,997,0.8538769720202355,0.8538769720202355,0.0,1,1,0,8,8,0,0.0,0.0,1,0,0,0,0,0
1,1000,0.988861888322367,0.988861888322367,0.0,5,5,0,28,28,0,0.0,0.0,5,0,0,0,0,0
1,1014,0.6435830852311248,0.6435830852311248,0.0,1,1,0,5,5,0,0.0,0.0,1,0,0,0,0,0
1,1019,0.9313630216537383,0.9313630216537383,0.0,2,2,0,4,4,0,0.0,0.0,2,0,0,0,0,0
1,1022,1.0269768739017195,1.0269768739017195,0.0,1,1,0,2,2,0,0.0,0.0,1,0,0,0,0,0
1,1030,0.7663974932020012,0.7663974932020012,0.0,1,1,0,14,14,0,0.0,0.0,1,0,0,0,0,0
1,1032,0.9325387426859576,0.9131028236603043,-0.019435919025653337,3,2,1,6,4,2,0.3333333333333333,0.3333333333333333,3,1,0,0,0,0
1,1039,0.7313597487393616,0.7313597487393616,0.0,1,1,0,2,2,0,0.0,0.0,1,0,0,0,0,0
1,1040,0.9311854243730053,0.9311854243730053,0.0,1,1,0,2,2,0,0.0,0.0,1,0,0,0,0,0
1,1052,0.6755393640388794,0.6755393640388794,0.0,1,1,0,2,2,0,0.0,0.0,1,0,0,0,0,0
1,1058,0.40224776788075334,0.40224776788075334,0.0,1,1,0,2,2,0,0.0,0.0,1,0,0,0,0,0
1,1079,0.5831983897725861,0.5831983897725861,0.0,1,1,0,50,50,0,0.0,0.0,1,0,0,0,0,0
1,1086,0.6826742419896388,0.6826742419896388,0.0,1,1,0,2,2,0,0.0,0.0,1,0,0,0,0,0
1,1100,0.7468803599209031,0.7468803599209031,0.0,1,1,0,3,3,0,0.0,0.0,1,0,0,0,0,0
1,1144,0.8363760761879144,0.8363760761879144,0.0,1,1,0,5,5,0,0.0,0.0,1,0,0,0,0,0
1,1156,0.4828397920866607,0.4828397920866607,0.0,1,1,0,2,2,0,0.0,0.0,1,0,0,0,0,0
1,1158,0.9171589946733458,0.9171589946733458,0.0,1,1,0,3,3,0,0.0,0.0,1,0,0,0,0,0
1,1161,0.6799703677310474,0.8435569503310358,0.16358658259998848,2,1,1,7,2,5,0.5,0.7142857142857143,2,1,0,0,0,0
1,1162,0.991454772499449,0.991454772499449,0.0,1,1,0,2,2,0,0.0,0.0,1,0,0,0,0,0
1,1165,0.37135471013263077,0.3674055120453764,-0.0039491980872543575,84,61,23,9193,9139,54,0.27380952380952384,0.005874034591537039,84,0,2,15,0,6
1,1206,0.7981994125817187,0.7981994125817187,0.0,2,2,0,44,44,0,0.0,0.0,2,0,0,0,0,0
1,1208,0.6374392705550921,0.6374392705550921,0.0,1,1,0,4,4,0,0.0,0.0,1,0,0,0,0,0
1,1213,0.4548906358143685,0.4548906358143685,0.0,2,2,0,17,17,0,0.0,0.0,2,0,0,0,0,0
1,1222,0.6270008277276289,0.6567624440792816,0.029761616351652753,4,2,2,54,38,16,0.5,0.2962962962962963,4,1,0,0,0,1
1,1225,0.7888231048199594,0.9330005403627109,0.14417743554275142,19,12,7,54,38,16,0.3684210526315789,0.2962962962962963,19,5,0,0,0,2
1,1237,0.8699868892193225,0.8699868892193225,0.0,1,1,0,2,2,0,0.0,0.0,1,0,0,0,0,0
1,1240,0.5641922019207393,0.5335048668058608,-0.030687335114878422,61,9,52,792,210,582,0.8524590163934426,0.7348484848484849,61,49,0,0,0,3
1,1242,1.0131422036623952,1.0131422036623952,0.0,1,1,0,4,4,0,0.0,0.0,1,0,0,0,0,0
1,1262,0.728440283775522,0.7473133802645977,0.018873096489075758,3,2,1,25,19,6,0.3333333333333333,0.24,3,0,0,0,0,1
1,1290,0.860936234270149,0.860936234270149,0.0,2,2,0,14,14,0,0.0,0.0,2,0,0,0,0,0
1,1291,0.7973341695249767,0.7973341695249767,0.0,2,2,0,212,212,0,0.0,0.0,2,0,0,0,0,0
1,1303,0.9365300267080828,0.9410755072242742,0.004545480516191414,48,47,1,96,94,2,0.020833333333333332,0.020833333333333332,48,0,0,0,0,1
1,1326,0.6351565546705755,0.6250658561929008,-0.010090698477674742,3,2,1,27,26,1,0.3333333333333333,0.037037037037037035,3,0,0,0,0,1
1,1332,0.9797289065118823,0.9797289065118823,0.0,1,1,0,2,2,0,0.0,0.0,1,0,0,0,0,0
1,1338,0.9176828028184068,0.9176828028184068,0.0,1,1,0,20,20,0,0.0,0.0,1,0,0,0,0,0
1,1341,0.8789277991268889,0.8789277991268889,0.0,2,2,0,4,4,0,0.0,0.0,2,0,0,0,0,0
1,1342,0.3885328761455815,0.3817933090373493,-0.006739567108232203,3,2,1,232,231,1,0.3333333333333333,0.004310344827586207,3,0,1,0,0,0
1,1346,0.8499050657584051,0.8499050657584051,0.0,1,1,0,8,8,0,0.0,0.0,1,0,0,0,0,0
1,1358,0.5371336569759679,0.5371336569759679,0.0,2,2,0,10,10,0,0.0,0.0,2,0,0,0,0,0
1,1360,0.8588082163637811,0.8588082163637811,0.0,2,2,0,28,28,0,0.0,0.0,2,0,0,0,0,0
1,1371,0.9342067029064547,0.9342067029064547,0.0,1,1,0,16,16,0,0.0,0.0,1,0,0,0,0,0
1,1393,0.8661135925251364,0.8614342315079263,-0.004679361017210115,5,4,1,54,53,1,0.2,0.018518518518518517,5,0,0,0,0,1
1,1422,0.7898440334284825,0.7898440334284825,0.0,2,2,0,17,17,0,0.0,0.0,2,0,0,0,0,0
1,1431,0.7894575650507323,0.7894575650507323,0.0,2,2,0,202,202,0,0.0,0.0,2,0,0,0,0,0
1,1441,0.661312668724318,0.661312668724318,0.0,1,1,0,6,6,0,0.0,0.0,1,0,0,0,0,0
1,1450,0.7853366904291331,0.7853366904291331,0.0,2,2,0,8,8,0,0.0,0.0,2,0,0,0,0,0
1,1463,0.9527412254341585,0.9527412254341585,0.0,1,1,0,3,3,0,0.0,0.0,1,0,0,0,0,0
1,1480,0.6952628449606357,0.6952628449606357,0.0,2,2,0,31,31,0,0.0,0.0,2,0,0,0,0,0
1,1484,0.6682208167390462,0.5586406914245257,-0.10958012531452055,4,1,3,87,25,62,0.75,0.7126436781609196,4,3,0,0,0,0
1,1496,0.5675025473218789,0.5675025473218789,0.0,1,1,0,2,2,0,0.0,0.0,1,0,0,0,0,0
1,1509,0.6030528803662619,0.5928138826974529,-0.01023899766880898,4,2,2,35,31,4,0.5,0.11428571428571428,4,1,0,0,0,1
1,1510,0.5581777492612847,0.5581777492612847,0.0,1,1,0,7,7,0,0.0,0.0,1,0,0,0,0,0
1,1530,0.6576915025423842,0.6576915025423842,0.0,1,1,0,3,3,0,0.0,0.0,1,0,0,0,0,0
1,1534,0.7595356221321856,0.7595356221321856,0.0,1,1,0,2,2,0,0.0,0.0,1,0,0,0,0,0
1,1535,0.6255623473392906,0.6255623473392906,0.0,1,1,0,2,2,0,0.0,0.0,1,0,0,0,0,0
1,1539,0.8503277550441448,0.8503277550441448,0.0,1,1,0,17,17,0,0.0,0.0,1,0,0,0,0,0
1,1560,0.6870125464680156,0.6262830509483943,-0.06072949551962126,4,2,2,53,47,6,0.5,0.11320754716981132,4,0,0,0,0,2
1,1577,0.9459882946532805,0.9459882946532805,0.0,1,1,0,9,9,0,0.0,0.0,1,0,0,0,0,0
1,1593,0.7475699613535634,0.7788925295534206,0.03132256819985724,5,4,1,43,40,3,0.2,0.06976744186046512,5,1,0,0,0,0
1,1608,0.9798882502455986,0.9798882502455986,0.0,1,1,0,2,2,0,0.0,0.0,1,0,0,0,0,0
1,1610,0.739763350296341,0.739763350296341,0.0,1,1,0,2,2,0,0.0,0.0,1,0,0,0,0,0
1,1621,0.7060392203257843,0.7060392203257844,1.1102230246251565e-16,3,3,0,57,57,0,0.0,0.0,3,0,0,0,0,0
1,1651,0.4648666956784443,0.4648666956784443,0.0,1,1,0,2,2,0,0.0,0.0,1,0,0,0,0,0
1,1671,0.7596429888625356,0.6862994182585462,-0.07334357060398933,5,2,3,231,138,93,0.6,0.4025974025974026,5,1,0,0,0,2
1,1679,0.6149983088192532,0.6149983088192532,0.0,3,3,0,24,24,0,0.0,0.0,3,0,0,0,0,0
1,1688,0.5502115733008597,0.5502115733008597,0.0,1,1,0,2,2,0,0.0,0.0,1,0,0,0,0,0
1,1703,0.6045066907990173,0.6432952028783945,0.03878851207937717,2,1,1,16,14,2,0.5,0.125,2,0,0,0,0,1
1,1715,0.9571072042765276,0.9571072042765276,0.0,1,1,0,2,2,0,0.0,0.0,1,0,0,0,0,0
1,1716,0.36610142238764676,0.34055261479422405,-0.025548807593422707,3,2,1,12,10,2,0.3333333333333333,0.16666666666666666,3,1,0,0,0,0
1,1728,0.8341744065195272,0.8507413551189296,0.01656694859940233,5,3,2,17,15,2,0.4,0.11764705882352941,5,1,0,0,0,1
1,1730,0.8210209234783656,0.7924671037852675,-0.028553819693098115,3,2,1,78,76,2,0.3333333333333333,0.02564102564102564,3,0,0,0,0,1
1,1747,0.8564818392522613,0.8564818392522613,0.0,2,2,0,8,8,0,0.0,0.0,2,0,0,0,0,0
1,1760,0.6234180676342153,0.6234180676342153,0.0,1,1,0,2,2,0,0.0,0.0,1,0,0,0,0,0
1,1763,0.8599455484710262,0.8599455484710262,0.0,2,2,0,18,18,0,0.0,0.0,2,0,0,0,0,0
1,1766,0.47162214098404065,0.4575216543970877,-0.014100486586952954,3,2,1,240,238,2,0.3333333333333333,0.008333333333333333,3,1,0,0,0,0
1,1777,0.9538992172914408,0.9538992172914408,0.0,1,1,0,2,2,0,0.0,0.0,1,0,0,0,0,0
1,1781,0.888298867222837,0.888298867222837,0.0,1,1,0,11,11,0,0.0,0.0,1,0,0,0,0,0
1,1801,0.5318424972452995,0.5318424972452995,0.0,1,1,0,9,9,0,0.0,0.0,1,0,0,0,0,0
1,1806,0.5145205494709351,0.5145205494709351,0.0,5,5,0,150,150,0,0.0,0.0,5,0,0,0,0,0
1,1811,0.5227292466062263,0.5227292466062263,0.0,1,1,0,17,17,0,0.0,0.0,1,0,0,0,0,0
1,1812,0.7784698707762376,0.7784698707762376,0.0,1,1,0,4,4,0,0.0,0.0,1,0,0,0,0,0
1,1813,0.8622697742400854,0.8622697742400854,0.0,2,2,0,23,23,0,0.0,0.0,2,0,0,0,0,0
1,1814,0.8365885276068027,0.8365885276068027,0.0,1,1,0,31,31,0,0.0,0.0,1,0,0,0,0,0
1,1820,0.6627046348113544,0.5470042916678752,-0.11570034314347921,19,4,15,435,154,281,0.7894736842105263,0.6459770114942529,19,12,0,0,0,3
1,1821,0.6463195771988723,0.762916887449324,0.11659731025045161,2,1,1,53,19,34,0.5,0.6415094339622641,2,1,0,0,0,0
1,1822,0.8470309210176934,0.8647527266953041,0.017721805677610725,3,2,1,104,102,2,0.3333333333333333,0.019230769230769232,3,0,0,0,0,1
1,1830,0.6134500985290929,0.6134500985290929,0.0,1,1,0,2,2,0,0.0,0.0,1,0,0,0,0,0
1,1831,0.6049915215589724,0.6049915215589724,0.0,1,1,0,2,2,0,0.0,0.0,1,0,0,0,0,0
1,1840,0.643732752517457,0.643732752517457,0.0,2,2,0,8,8,0,0.0,0.0,2,0,0,0,0,0
1,1848,0.4672172931469123,0.4672172931469123,0.0,1,1,0,29,29,0,0.0,0.0,1,0,0,0,0,0
1,1870,0.6607300853304627,0.7597803058690775,0.09905022053861479,2,1,1,12,11,1,0.5,0.08333333333333333,2,1,0,0,0,0
1,1872,0.6445212582437712,0.6445212582437712,0.0,2,2,0,15,15,0,0.0,0.0,2,0,0,0,0,0
1,1898,0.4320081127556169,0.432008112755617,1.1102230246251565e-16,3,3,0,55,55,0,0.0,0.0,3,0,0,0,0,0
1,1912,0.5750557355202792,0.5750557355202792,0.0,1,1,0,17,17,0,0.0,0.0,1,0,0,0,0,0
1,1913,0.9297960134850525,0.9297960134850525,0.0,1,1,0,5,5,0,0.0,0.0,1,0,0,0,0,0
1,1928,0.7952194138004347,0.7952194138004347,0.0,1,1,0,3,3,0,0.0,0.0,1,0,0,0,0,0
1,1932,1.0027973082287274,1.0027973082287274,0.0,1,1,0,2,2,0,0.0,0.0,1,0,0,0,0,0
1,1945,0.5911869047279195,0.3532483112794328,-0.23793859344848667,26,5,21,450,25,425,0.8076923076923077,0.9444444444444444,25,12,1,0,1,7
1,1950,0.5470645095060982,0.5470645095060982,0.0,2,2,0,10,10,0,0.0,0.0,2,0,0,0,0,0
1,1954,0.4088514921237093,0.3143396168494329,-0.0945118752742764,17,6,11,40,29,11,0.6470588235294118,0.275,16,0,2,0,1,8
1,1988,0.7185793549609376,0.7029759071581652,-0.015603447802772452,4,2,2,133,87,46,0.5,0.3458646616541353,4,1,0,0,0,1
1,1993,0.4701727578984519,0.4540069979463729,-0.01616575995207903,2,1,1,5,4,1,0.5,0.2,2,0,0,0,0,1
1,1996,0.6658152706683336,0.6658152706683336,0.0,3,3,0,9,9,0,0.0,0.0,3,0,0,0,0,0
1,1998,0.6818524391909706,0.6319290417553671,-0.04992339743560348,5,1,4,10,2,8,0.8,0.8,5,3,0,0,0,1
1,2000,0.41991757610561653,0.4334022966025912,0.01348472049697469,2,1,1,3,1,2,0.5,0.6666666666666666,2,0,0,0,0,1
1,2003,0.6736679003532486,0.6736679003532486,0.0,2,2,0,10,10,0,0.0,0.0,2,0,0,0,0,0
1,2004,0.5382216870899073,0.5382216870899073,0.0,1,1,0,6,6,0,0.0,0.0,1,0,0,0,0,0
1,2006,0.5862683676301736,0.5862683676301736,0.0,3,3,0,7,7,0,0.0,0.0,3,0,0,0,0,0
1,2013,0.6195290597686373,0.6495537237641191,0.03002466399548187,3,2,1,54,52,2,0.3333333333333333,0.037037037037037035,3,0,0,0,0,1
1,2014,0.6044799184801526,0.6044799184801526,0.0,1,1,0,2,2,0,0.0,0.0,1,0,0,0,0,0
1,2017,0.8568664993040664,0.8275373873226723,-0.029329111981394096,3,2,1,21,18,3,0.3333333333333333,0.14285714285714285,3,0,0,0,0,1
1,2019,0.7616436997621786,0.7694326220423906,0.007788922280211996,3,2,1,16,12,4,0.3333333333333333,0.25,3,1,0,0,0,0
1,2022,0.6914564206763267,0.6914564206763267,0.0,1,1,0,4,4,0,0.0,0.0,1,0,0,0,0,0
1,2026,0.5864814864513224,0.5864814864513224,0.0,1,1,0,2,2,0,0.0,0.0,1,0,0,0,0,0
1,2028,0.6345139414838143,0.6345139414838143,0.0,1,1,0,2,2,0,0.0,0.0,1,0,0,0,0,0
1,2031,0.6618332919125636,0.6898350506960175,0.0280017587834539,3,2,1,102,101,1,0.3333333333333333,0.00980392156862745,3,0,0,0,0,1
1,2039,0.5749943043455507,0.5749943043455507,0.0,1,1,0,2,2,0,0.0,0.0,1,0,0,0,0,0
1,2046,0.5331929965636117,0.561602878331734,0.028409881768122203,2,1,1,10,2,8,0.5,0.8,2,1,0,0,0,0
1,2047,0.6880074040729139,0.7189717183942361,0.030964314321322184,3,2,1,51,49,2,0.3333333333333333,0.0392156862745098,3,0,0,0,0,1
1,2052,0.42977526473716154,0.42977526473716154,0.0,1,1,0,2,2,0,0.0,0.0,1,0,0,0,0,0
1,2067,0.5165978507962163,0.5165978507962163,0.0,4,4,0,10,10,0,0.0,0.0,4,0,0,0,0,0
1,2068,0.5305701811061319,0.46926876998923883,-0.06130141111689302,3,1,2,6,2,4,0.6666666666666666,0.6666666666666666,3,1,1,0,0,0
1,2070,0.7516227510517758,0.7516227510517758,0.0,1,1,0,3,3,0,0.0,0.0,1,0,0,0,0,0
1,2072,0.858584304037156,0.858584304037156,0.0,1,1,0,14,14,0,0.0,0.0,1,0,0,0,0,0
1,2089,0.8835821052297493,0.8835821052297493,0.0,2,2,0,11,11,0,0.0,0.0,2,0,0,0,0,0
1,2093,0.9150809509639457,0.9150809509639457,0.0,1,1,0,24,24,0,0.0,0.0,1,0,0,0,0,0
1,2123,0.6890902413729663,0.6919701586630087,0.002879917290042444,3,2,1,27,24,3,0.3333333333333333,0.1111111111111111,3,0,0,0,0,1
1,2131,0.5996964423283919,0.6037231698810275,0.004026727552635556,10,4,6,37,31,6,0.6,0.16216216216216217,10,1,1,0,1,3
1,2152,0.760297077577773,0.760297077577773,0.0,1,1,0,16,16,0,0.0,0.0,1,0,0,0,0,0
1,2155,0.6379166783034864,0.6379166783034864,0.0,1,1,0,2,2,0,0.0,0.0,1,0,0,0,0,0
1,2180,0.7046815220766277,0.9705887202588396,0.26590719818221187,22,3,19,86,8,78,0.8636363636363636,0.9069767441860465,22,19,0,0,0,0
1,2182,0.8753840562195886,0.8753840562195886,0.0,1,1,0,4,4,0,0.0,0.0,1,0,0,0,0,0
1,2193,0.8007197931860268,0.8197622946677883,0.019042501481761454,6,4,2,19,8,11,0.3333333333333333,0.5789473684210527,6,1,0,0,0,1
1,2201,0.6179125792857387,0.7887140088301191,0.17080142954438038,6,3,3,16,8,8,0.5,0.5,6,3,0,0,0,0
1,2203,0.5668216991874556,0.5668216991874556,0.0,1,1,0,3,3,0,0.0,0.0,1,0,0,0,0,0
1,2209,0.6751739467614231,0.6751739467614231,0.0,2,2,0,22,22,0,0.0,0.0,2,0,0,0,0,0
1,2217,0.5364001891694246,0.5364001891694246,0.0,2,2,0,6,6,0,0.0,0.0,2,0,0,0,0,0
1,2222,0.8727995227288922,0.8524633887675039,-0.020336133961388225,3,2,1,23,20,3,0.3333333333333333,0.13043478260869565,3,0,0,0,0,1
1,2223,0.8315949258021341,0.8315949258021341,0.0,2,2,0,40,40,0,0.0,0.0,2,0,0,0,0,0
1,2228,0.36760434060828495,0.3674328938481788,-0.00017144676010616422,12,7,5,229,209,20,0.4166666666666667,0.08733624454148471,11,0,1,0,0,4
1,2231,0.3731273831737022,0.3731273831737022,0.0,1,1,0,9,9,0,0.0,0.0,1,0,0,0,0,0
1,2238,0.9819192439703329,0.9819192439703329,0.0,1,1,0,11,11,0,0.0,0.0,1,0,0,0,0,0
1,2248,0.7475627977525447,0.7475627977525447,0.0,1,1,0,2,2,0,0.0,0.0,1,0,0,0,0,0
1,2249,0.9175114309357596,0.9728909897919744,0.05537955885621482,3,2,1,65,61,4,0.3333333333333333,0.06153846153846154,3,0,0,0,0,1
1,2252,0.7960771620400918,0.7998513685163751,0.0037742064762832372,3,2,1,84,82,2,0.3333333333333333,0.023809523809523808,3,0,0,0,0,1
1,2254,0.7616810751758017,0.7278238884872125,-0.03385718668858928,3,2,1,30,27,3,0.3333333333333333,0.1,3,0,0,0,0,1
1,2256,0.7510907859839495,0.7392498104972451,-0.011840975486704375,3,2,1,317,313,4,0.3333333333333333,0.012618296529968454,3,0,0,0,0,1
1,2258,0.9262804308887012,0.9262804308887012,0.0,1,1,0,70,70,0,0.0,0.0,1,0,0,0,0,0
1,2259,0.737120508105134,0.732625611096049,-0.004494897009085008,3,2,1,136,133,3,0.3333333333333333,0.022058823529411766,3,0,0,0,0,1
1,2276,0.9036680519799457,0.9036680519799457,0.0,1,1,0,1,1,0,0.0,0.0,1,0,0,0,0,0
1,2282,0.7752669236080878,0.7761356743726765,0.0008687507645886994,4,3,1,146,139,7,0.25,0.04794520547945205,4,0,0,0,0,1
1,2284,0.7593501889270404,0.7593501889270404,0.0,2,2,0,47,47,0,0.0,0.0,2,0,0,0,0,0
1,2288,0.6683594043940612,0.6683594043940612,0.0,2,2,0,126,126,0,0.0,0.0,2,0,0,0,0,0
1,2297,0.8752452273481892,0.8997316187881719,0.024486391439982658,3,2,1,80,77,3,0.3333333333333333,0.0375,3,0,0,0,0,1
1,2307,0.5123873876787064,0.36944355503422666,-0.14294383264447974,4,2,2,220,12,208,0.5,0.9454545454545454,4,2,0,0,0,0
1,2310,0.9169349935885271,0.9169349935885271,0.0,1,1,0,2,2,0,0.0,0.0,1,0,0,0,0,0
1,2314,0.7010345742314303,0.7010345742314303,0.0,2,2,0,79,79,0,0.0,0.0,2,0,0,0,0,0
1,2316,0.6652731902373459,0.6652731902373459,0.0,2,2,0,41,41,0,0.0,0.0,2,0,0,0,0,0
1,2319,0.7891301651736412,0.7815223511481616,-0.007607814025479609,4,3,1,97,92,5,0.25,0.05154639175257732,4,0,0,0,0,1
1,2322,0.873112085328621,0.873112085328621,0.0,3,3,0,56,56,0,0.0,0.0,3,0,0,0,0,0
1,2326,0.6748750930205903,0.6748750930205903,0.0,3,3,0,143,143,0,0.0,0.0,3,0,0,0,0,0
1,2338,0.9090941128178085,0.9090941128178085,0.0,1,1,0,8,8,0,0.0,0.0,1,0,0,0,0,0
1,2342,0.5342486725313826,0.5342486725313826,0.0,1,1,0,7,7,0,0.0,0.0,1,0,0,0,0,0
1,2344,0.7610639836249362,0.7830700112263496,0.022006027601413347,4,3,1,15,12,3,0.25,0.2,4,0,0,0,0,1
1,2346,0.9266022849550586,0.9266022849550586,0.0,3,3,0,38,38,0,0.0,0.0,3,0,0,0,0,0
1,2347,0.5042058696275518,0.5042058696275518,0.0,3,3,0,43,43,0,0.0,0.0,3,0,0,0,0,0
1,2348,0.6902770814365384,0.6371564039137474,-0.05312067752279104,5,3,2,51,40,11,0.4,0.21568627450980393,5,1,0,0,0,1
1,2350,0.578353776873815,0.7954857423807941,0.2171319655069791,3,2,1,133,62,71,0.3333333333333333,0.5338345864661654,3,1,0,0,0,0
1,2352,0.3895128615894682,0.37847651196034515,-0.011036349629123032,7,5,2,511,494,17,0.2857142857142857,0.033268101761252444,7,1,0,0,0,1
1,2353,0.8478610945328398,0.8478610945328398,0.0,1,1,0,21,21,0,0.0,0.0,1,0,0,0,0,0
1,2354,0.797592477673112,0.8358138336321426,0.038221355959030534,3,2,1,37,33,4,0.3333333333333333,0.10810810810810811,3,0,0,0,0,1
1,2358,0.669174624064989,0.7355556161822584,0.06638099211726944,7,3,4,291,250,41,0.5714285714285714,0.140893470790378,7,2,0,0,0,2
1,2359,0.38141040307173824,0.38141040307173824,0.0,1,1,0,18,18,0,0.0,0.0,1,0,0,0,0,0
1,2362,0.9679883048086709,1.008468562571219,0.040480257762548155,3,2,1,63,59,4,0.3333333333333333,0.06349206349206349,3,0,0,0,0,1
1,2363,0.6359457962680252,0.6359457962680252,0.0,3,3,0,69,69,0,0.0,0.0,3,0,0,0,0,0
1,2367,0.6240357085005808,0.6240357085005808,0.0,1,1,0,2,2,0,0.0,0.0,1,0,0,0,0,0
1,2371,0.4118542309327169,0.4118542309327169,0.0,2,2,0,53,53,0,0.0,0.0,2,0,0,0,0,0
1,2373,0.43301173474827026,0.4230485499770853,-0.009963184771184963,4,3,1,83,80,3,0.25,0.03614457831325301,4,0,0,0,0,1
1,2374,0.6834024428433866,0.7090597974190672,0.025657354575680635,3,2,1,36,34,2,0.3333333333333333,0.05555555555555555,3,0,0,0,0,1
1,2378,0.6031243428048778,0.5475789225609602,-0.05554542024391762,5,4,1,94,82,12,0.2,0.1276595744680851,5,1,0,0,0,0
1,2393,0.6573127702296686,0.6573127702296686,0.0,1,1,0,21,21,0,0.0,0.0,1,0,0,0,0,0
1,2394,0.49247153891823947,0.48173914422171205,-0.010732394696527425,6,5,1,157,146,11,0.16666666666666666,0.07006369426751592,6,0,0,0,0,1
1,2395,0.4420477056595462,0.4523958373374435,0.010348131677897277,6,5,1,499,496,3,0.16666666666666666,0.006012024048096192,6,0,0,0,0,1
1,2396,0.6012337286742766,0.6012337286742766,0.0,1,1,0,298,298,0,0.0,0.0,1,0,0,0,0,0
1,2397,0.7481184650126832,0.7464237728324696,-0.001694692180213564,3,2,1,37,34,3,0.3333333333333333,0.08108108108108109,3,0,0,0,0,1
1,2398,0.9209713766696496,0.9209713766696496,0.0,1,1,0,7,7,0,0.0,0.0,1,0,0,0,0,0
1,2399,0.6359369309662767,0.756894975255811,0.12095804428953427,15,9,6,120,65,55,0.4,0.4583333333333333,15,5,0,1,0,0
1,2409,0.50451439646476,0.50451439646476,0.0,2,2,0,51,51,0,0.0,0.0,2,0,0,0,0,0
1,2412,0.5079612095213288,0.48046770944466777,-0.02749350007666107,3,2,1,61,58,3,0.3333333333333333,0.04918032786885246,3,0,0,0,0,1
1,2414,0.6219573964358605,0.6023450452339414,-0.019612351201919065,8,6,2,317,313,4,0.25,0.012618296529968454,8,0,0,1,0,1
1,2416,0.596648866650709,0.5021804465007755,-0.09446842014993351,13,4,9,277,218,59,0.6923076923076923,0.21299638989169675,12,3,2,2,0,2
1,2430,0.8327869161196717,0.7960209358406062,-0.036765980279065524,3,2,1,17,14,3,0.3333333333333333,0.17647058823529413,3,0,0,0,0,1
1,2436,0.5644246334754215,0.5914502265907844,0.0270255931153629,13,8,5,860,446,414,0.38461538461538464,0.4813953488372093,13,4,0,0,0,1
1,2450,0.6124413431944739,0.5806326628960756,-0.03180868029839823,3,2,1,13,11,2,0.3333333333333333,0.15384615384615385,3,0,0,0,0,1
1,2467,0.6778813878226244,0.6778813878226244,0.0,1,1,0,4,4,0,0.0,0.0,1,0,0,0,0,0
1,2475,0.9658223827016758,0.9658223827016758,0.0,1,1,0,2,2,0,0.0,0.0,1,0,0,0,0,0
1,2490,0.5959446477782017,0.6320587115170055,0.03611406373880388,5,3,2,680,181,499,0.4,0.7338235294117647,5,2,0,0,0,0
1,2502,0.7243720295412679,0.7243720295412679,0.0,1,1,0,2,2,0,0.0,0.0,1,0,0,0,0,0
1,2527,0.7687252181245059,0.7833958545309844,0.014670636406478477,3,2,1,32,24,8,0.3333333333333333,0.25,3,0,0,0,0,1
1,2529,0.8942938867495491,0.9275459952347395,0.033252108485190335,2,1,1,3,2,1,0.5,0.3333333333333333,2,0,0,0,0,1
1,2530,0.9176303811117845,0.9176303811117845,0.0,2,2,0,36,36,0,0.0,0.0,2,0,0,0,0,0
1,2558,0.6380339730459472,0.8849607917829095,0.24692681873696232,3,2,1,59,36,23,0.3333333333333333,0.3898305084745763,3,0,1,0,0,0
1,2570,0.6280905929540925,0.5365617862772434,-0.09152880667684915,10,4,6,228,133,95,0.6,0.4166666666666667,10,6,0,0,0,0
1,2577,0.6213889037454852,0.6213889037454852,0.0,1,1,0,2,2,0,0.0,0.0,1,0,0,0,0,0
1,2580,0.7776498233667769,0.7776498233667769,0.0,2,2,0,74,74,0,0.0,0.0,2,0,0,0,0,0
1,2581,0.8452089053954378,0.8632707030324489,0.0180617976370111,2,1,1,12,4,8,0.5,0.6666666666666666,2,0,0,0,0,1
1,2582,0.4750874892308873,0.4750874892308873,0.0,2,2,0,19,19,0,0.0,0.0,2,0,0,0,0,0
1,2591,0.8495674245158092,0.8495674245158092,0.0,2,2,0,97,97,0,0.0,0.0,2,0,0,0,0,0
1,2593,0.5768928767232646,0.48297429030560457,-0.09391858641766004,7,2,5,212,64,148,0.7142857142857143,0.6981132075471698,7,5,0,0,0,0
1,2603,0.4281638193540849,0.4281638193540849,0.0,1,1,0,6,6,0,0.0,0.0,1,0,0,0,0,0
1,2606,0.6769643817258937,0.6505090452987516,-0.02645533642714204,3,2,1,167,164,3,0.3333333333333333,0.017964071856287425,3,0,0,0,0,1
1,2607,0.7140304731606106,0.5886574729977896,-0.12537300016282105,6,3,3,74,41,33,0.5,0.44594594594594594,6,2,1,0,0,0
1,2622,0.9155202955339796,1.0133984149654827,0.09787811943150304,4,2,2,61,48,13,0.5,0.21311475409836064,4,1,1,0,0,0
1,2624,0.6805370030153731,0.7327528014841584,0.052215798468785324,67,54,13,1191,675,516,0.19402985074626866,0.4332493702770781,65,4,2,0,0,7
1,2629,0.6232354168958529,0.5851903437628732,-0.03804507313297978,3,2,1,22,19,3,0.3333333333333333,0.13636363636363635,3,1,0,0,0,0
1,2630,0.7521845297604075,0.7521845297604075,0.0,1,1,0,4,4,0,0.0,0.0,1,0,0,0,0,0
1,2635,0.7476286771043095,0.7758396848223409,0.028211007718031422,5,3,2,107,87,20,0.4,0.18691588785046728,5,2,0,0,0,0
1,2636,0.5647325638045138,0.4692861409324909,-0.09544642287202287,6,3,3,152,110,42,0.5,0.27631578947368424,6,3,0,0,0,0
1,2665,0.6314640738480589,0.6621393825704187,0.030675308722359795,3,2,1,36,33,3,0.3333333333333333,0.08333333333333333,3,1,0,0,0,0
1,2668,0.5052464467472011,0.5052464467472011,0.0,1,1,0,5,5,0,0.0,0.0,1,0,0,0,0,0
1,2676,0.508931087538663,0.5123475482012785,0.0034164606626154725,103,30,73,5577,1489,4088,0.7087378640776699,0.7330105791644254,100,31,4,1,4,33
1,2685,0.5737407285284541,0.8152646326819477,0.24152390415349356,7,4,3,917,232,685,0.42857142857142855,0.7470010905125409,7,3,0,0,0,0
1,2691,0.5959566224133603,0.5739479375066203,-0.022008684906740017,4,3,1,108,104,4,0.25,0.037037037037037035,4,1,0,0,0,0
1,2693,0.722457267528617,0.6812835579703288,-0.04117370955828825,6,3,3,70,48,22,0.5,0.3142857142857143,6,3,0,0,0,0
1,2694,0.7351967605849703,0.7351967605849703,0.0,1,1,0,18,18,0,0.0,0.0,1,0,0,0,0,0
1,2695,0.7990660694791039,0.7990660694791039,0.0,3,3,0,90,90,0,0.0,0.0,3,0,0,0,0,0
1,2699,0.5485587690829198,0.5745653500178567,0.026006580934936907,21,7,14,354,102,252,0.6666666666666666,0.711864406779661,19,4,3,0,0,7
1,2707,0.48058490803196774,0.48058490803196774,0.0,2,2,0,17,17,0,0.0,0.0,2,0,0,0,0,0
1,2709,0.5683662477018341,0.5777413438713142,0.009375096169480068,25,5,20,780,417,363,0.8,0.4653846153846154,25,18,1,0,0,1
1,2711,0.7554857943234613,0.7554857943234613,0.0,2,2,0,26,26,0,0.0,0.0,2,0,0,0,0,0
1,2724,0.5983367379506959,0.511301905284914,-0.08703483266578182,4,3,1,54,30,24,0.25,0.4444444444444444,4,1,0,0,0,0
1,2730,0.9542118573108972,0.9976938602401039,0.043482002929206676,3,2,1,6,5,1,0.3333333333333333,0.16666666666666666,3,1,0,0,0,0
1,2737,0.9339152685222039,0.9339152685222039,0.0,1,1,0,2,2,0,0.0,0.0,1,0,0,0,0,0
1,2738,0.639261909438165,0.639261909438165,0.0,2,2,0,29,29,0,0.0,0.0,2,0,0,0,0,0
1,2739,0.9623377854751636,0.9623377854751636,0.0,2,2,0,35,35,0,0.0,0.0,2,0,0,0,0,0
1,2746,0.8267265261305674,0.8267265261305674,0.0,1,1,0,2,2,0,0.0,0.0,1,0,0,0,0,0
1,2748,0.704867283256625,0.704867283256625,0.0,2,2,0,15,15,0,0.0,0.0,2,0,0,0,0,0
1,2752,0.9590286612988188,0.9590286612988188,0.0,1,1,0,4,4,0,0.0,0.0,1,0,0,0,0,0
1,2765,0.5116012355778582,0.5007890384195207,-0.010812197158337478,3,2,1,48,45,3,0.3333333333333333,0.0625,3,1,0,0,0,0
1,2784,0.3482677031213105,0.2951031782286627,-0.05316452489264778,6,4,2,144,85,59,0.3333333333333333,0.4097222222222222,6,2,0,0,0,0
1,2789,0.5527361777988802,0.5527361777988802,0.0,2,2,0,8,8,0,0.0,0.0,2,0,0,0,0,0
1,2804,0.8254173037617778,0.8232714773892549,-0.0021458263725229187,3,2,1,37,31,6,0.3333333333333333,0.16216216216216217,3,1,0,0,0,0
1,2825,0.6384451221612653,0.6575743937239884,0.01912927156272315,3,2,1,27,24,3,0.3333333333333333,0.1111111111111111,3,1,0,0,0,0
1,2827,0.5433125160608245,0.5433125160608245,0.0,1,1,0,2,2,0,0.0,0.0,1,0,0,0,0,0
1,2828,0.368142615906747,0.368142615906747,0.0,1,1,0,2,2,0,0.0,0.0,1,0,0,0,0,0
1,2842,0.5790004593391935,0.5790004593391935,0.0,1,1,0,4,4,0,0.0,0.0,1,0,0,0,0,0
1,2848,0.8032546188705127,0.8032546188705127,0.0,1,1,0,4,4,0,0.0,0.0,1,0,0,0,0,0
1,2854,0.559807981086103,0.7817614881585133,0.22195350707241035,2,1,1,42,4,38,0.5,0.9047619047619048,2,1,0,0,0,0
1,2898,0.6042478613427675,0.43334700132014203,-0.1709008600226255,3,1,2,49,26,23,0.6666666666666666,0.46938775510204084,3,2,0,0,0,0
1,2914,0.5302490493451584,0.5302490493451584,0.0,1,1,0,3,3,0,0.0,0.0,1,0,0,0,0,0
1,2928,0.6867348605086724,0.6909785444368047,0.004243683928132347,3,2,1,22,20,2,0.3333333333333333,0.09090909090909091,3,1,0,0,0,0
1,2934,0.7598215419072694,0.6608746786088724,-0.09894686329839697,3,2,1,11,5,6,0.3333333333333333,0.5454545454545454,3,1,0,0,0,0
1,2936,0.5546490049131201,0.5831519698970371,0.028502964983917023,3,2,1,28,22,6,0.3333333333333333,0.21428571428571427,3,1,0,0,0,0
1,2939,0.5245168599762617,0.5021693347226199,-0.02234752525364181,3,2,1,22,19,3,0.3333333333333333,0.13636363636363635,3,1,0,0,0,0
1,2940,0.7719521726902261,0.7719521726902261,0.0,1,1,0,2,2,0,0.0,0.0,1,0,0,0,0,0
1,2957,0.6286559873166115,0.6250458742720708,-0.0036101130445407303,3,2,1,46,28,18,0.3333333333333333,0.391304347826087,3,1,0,0,0,0
1,2962,0.5105499993797005,0.5105499993797005,0.0,1,1,0,5,5,0,0.0,0.0,1,0,0,0,0,0
1,2963,0.7021200567718375,0.7021200567718375,0.0,2,2,0,21,21,0,0.0,0.0,2,0,0,0,0,0
1,2986,0.5178087124087263,0.45119124415329914,-0.06661746825542714,3,2,1,32,27,5,0.3333333333333333,0.15625,3,1,0,0,0,0
1,2994,0.9089998546920001,0.9075974689385476,-0.0014023857534524176,3,2,1,67,63,4,0.3333333333333333,0.05970149253731343,3,1,0,0,0,0
1,3011,0.8750783026902281,0.8750783026902281,0.0,1,1,0,6,6,0,0.0,0.0,1,0,0,0,0,0
1,3049,0.9229566351129654,0.9229566351129654,0.0,1,1,0,2,2,0,0.0,0.0,1,0,0,0,0,0
1,3054,0.4056944586335698,0.4056944586335698,0.0,2,2,0,6,6,0,0.0,0.0,2,0,0,0,0,0
1,3056,0.6478779515759594,0.6478779515759594,0.0,1,1,0,17,17,0,0.0,0.0,1,0,0,0,0,0
1,3059,0.7147492426019888,0.6466765109701393,-0.06807273163184946,4,3,1,67,56,11,0.25,0.16417910447761194,4,1,0,0,0,0
1,3063,0.6207309721326395,0.6207309721326395,0.0,2,2,0,23,23,0,0.0,0.0,2,0,0,0,0,0
1,3069,0.5747326225866778,0.5582338162723754,-0.01649880631430234,2,1,1,10,8,2,0.5,0.2,2,1,0,0,0,0
1,3082,0.5123262599050349,0.5123262599050349,0.0,1,1,0,12,12,0,0.0,0.0,1,0,0,0,0,0
1,3096,0.4708400080329286,0.4708400080329286,0.0,1,1,0,2,2,0,0.0,0.0,1,0,0,0,0,0
1,3104,0.7654111964391934,0.778253471233114,0.012842274793920527,5,4,1,78,74,4,0.2,0.05128205128205128,5,1,0,0,0,0
1,3111,0.8425592121551442,0.7151391289048161,-0.12742008325032805,4,2,2,86,18,68,0.5,0.7906976744186046,4,2,0,0,0,0
1,3124,0.5139187222077661,0.4912999571218414,-0.022618765085924752,5,4,1,51,49,2,0.2,0.0392156862745098,5,1,0,0,0,0
1,3157,0.7187773599323231,0.7340989894056196,0.015321629473296516,3,2,1,35,32,3,0.3333333333333333,0.08571428571428572,3,1,0,0,0,0
1,3166,0.9091425738499493,0.9091425738499493,0.0,1,1,0,1,1,0,0.0,0.0,1,0,0,0,0,0
1,3169,0.8516537347267299,0.8516537347267299,0.0,1,1,0,4,4,0,0.0,0.0,1,0,0,0,0,0
1,3174,0.6819669348004042,0.656181655363911,-0.025785279436493114,5,3,2,26,23,3,0.4,0.11538461538461539,5,2,0,0,0,0
1,3179,0.7786882077577775,0.7880007832498925,0.00931257549211506,3,2,1,30,25,5,0.3333333333333333,0.16666666666666666,3,1,0,0,0,0
1,3181,0.7549630791783933,0.7252864299198402,-0.029676649258553178,5,3,2,149,140,9,0.4,0.06040268456375839,5,1,1,0,0,0
1,3182,0.6805958845088902,0.6540118217669747,-0.026584062741915493,4,3,1,17,15,2,0.25,0.11764705882352941,4,1,0,0,0,0
1,3183,0.807868820562112,0.8147986474656526,0.0069298269035406035,65,63,2,7261,7251,10,0.03076923076923077,0.001377220768489189,65,0,2,0,0,0
1,3185,0.466646722618159,0.3968953878276815,-0.06975133479047746,2,1,1,21,18,3,0.5,0.14285714285714285,2,1,0,0,0,0
1,3190,0.5471575066964054,0.5062881854456877,-0.04086932125071774,2,1,1,39,32,7,0.5,0.1794871794871795,2,1,0,0,0,0
1,3195,0.6540112503647703,0.634191730466839,-0.019819519897931293,3,2,1,31,29,2,0.3333333333333333,0.06451612903225806,3,1,0,0,0,0
1,3196,0.8845629293853305,0.8845629293853305,0.0,1,1,0,2,2,0,0.0,0.0,1,0,0,0,0,0
1,3206,0.5898443441687149,0.5770580604407451,-0.01278628372796975,4,3,1,134,131,3,0.25,0.022388059701492536,4,1,0,0,0,0
1,3208,0.6429078623233311,0.5847140652187044,-0.05819379710462669,2,1,1,19,17,2,0.5,0.10526315789473684,2,1,0,0,0,0
1,3229,0.9891314470959899,0.9891314470959899,0.0,4,4,0,33,33,0,0.0,0.0,4,0,0,0,0,0
1,3232,0.5501083509562077,0.5389073526781645,-0.011200998278043217,5,4,1,140,138,2,0.2,0.014285714285714285,5,1,0,0,0,0
1,3233,0.5762949154072436,0.5762949154072436,0.0,1,1,0,2,2,0,0.0,0.0,1,0,0,0,0,0
1,3234,0.930793734636269,0.930793734636269,0.0,1,1,0,2,2,0,0.0,0.0,1,0,0,0,0,0
1,3235,0.6170610214847084,0.5937862905546181,-0.02327473093009036,3,2,1,24,22,2,0.3333333333333333,0.08333333333333333,3,1,0,0,0,0
1,3236,0.6354039865293106,0.6354039865293106,0.0,2,2,0,12,12,0,0.0,0.0,2,0,0,0,0,0
1,3237,0.7779195040907527,0.7779195040907527,0.0,3,3,0,68,68,0,0.0,0.0,3,0,0,0,0,0
1,3239,0.5025800646514131,0.5025800646514131,0.0,1,1,0,2,2,0,0.0,0.0,1,0,0,0,0,0
1,3241,0.7357642795411161,0.7836203849326475,0.0478561053915314,28,21,7,228,178,50,0.25,0.21929824561403508,28,4,2,1,0,0
1,3242,0.6969173931965391,0.7038078411301577,0.006890447933618593,3,2,1,22,19,3,0.3333333333333333,0.13636363636363635,3,1,0,0,0,0
1,3244,0.6462308633221869,0.8431900805674104,0.19695921724522347,2,1,1,8,3,5,0.5,0.625,2,1,0,0,0,0
1,3245,0.7535930088739402,0.7338496974980953,-0.019743311375844952,22,21,1,10,6,4,0.045454545454545456,0.4,21,0,1,0,0,0
1,3246,0.7300787089330268,0.7447704276289747,0.014691718695947875,56,55,1,537,528,9,0.017857142857142856,0.01675977653631285,56,0,1,0,0,0
1,3247,0.921025131367013,0.921025131367013,0.0,10,10,0,35,35,0,0.0,0.0,10,0,0,0,0,0
1,3248,0.6348887706687294,0.6348887706687294,0.0,1,1,0,48,48,0,0.0,0.0,1,0,0,0,0,0
1,3253,0.9745102318445782,0.9745102318445782,0.0,1,1,0,8,8,0,0.0,0.0,1,0,0,0,0,0
1,3266,0.5610895705230324,0.6476880951312721,0.08659852460823969,4,2,2,247,146,101,0.5,0.4089068825910931,4,2,0,0,0,0
1,3270,0.6788574589196301,0.8608988254765824,0.18204136655695224,86,41,45,2446,464,1982,0.5232558139534884,0.8103025347506132,83,39,1,0,0,5
1,3272,0.9039521516436907,0.9121932737676448,0.008241122123954114,3,2,1,22,12,10,0.3333333333333333,0.45454545454545453,3,1,0,0,0,0
1,3273,0.8761743670339595,0.878919778209328,0.0027454111753685284,3,2,1,6,4,2,0.3333333333333333,0.3333333333333333,3,1,0,0,0,0
1,3274,0.9603254217224492,0.9603254217224492,0.0,1,1,0,2,2,0,0.0,0.0,1,0,0,0,0,0
1,3278,0.7845521188030868,0.7849502158246571,0.00039809702157023175,6,4,2,82,79,3,0.3333333333333333,0.036585365853658534,6,2,0,0,0,0
1,3282,0.5205399238999491,0.4791386750259107,-0.0414012488740384,8,4,4,65,43,22,0.5,0.3384615384615385,8,4,0,0,0,0
1,3284,0.49661581893600304,0.5066418635661355,0.010026044630132458,3,2,1,44,40,4,0.3333333333333333,0.09090909090909091,3,1,0,0,0,0
1,3285,0.5819474381308273,0.5378320927129221,-0.04411534541790518,2,1,1,3,2,1,0.5,0.3333333333333333,2,1,0,0,0,0
1,3292,0.49138561807327175,0.4582613056810809,-0.033124312392190824,4,3,1,55,45,10,0.25,0.18181818181818182,4,1,0,0,0,0
1,3299,0.6002482957262864,0.514456389624546,-0.08579190610174037,3,2,1,14,5,9,0.3333333333333333,0.6428571428571429,3,1,0,0,0,0
1,3315,0.8734301766819859,0.8734301766819859,0.0,1,1,0,13,13,0,0.0,0.0,1,0,0,0,0,0
1,3328,0.6912906289282263,0.6912906289282263,0.0,1,1,0,2,2,0,0.0,0.0,1,0,0,0,0,0
1,3336,0.799267455912466,0.799267455912466,0.0,1,1,0,2,2,0,0.0,0.0,1,0,0,0,0,0
1,3369,0.6673697974493817,0.6418642623727566,-0.02550553507662512,3,2,1,78,69,9,0.3333333333333333,0.11538461538461539,3,1,0,0,0,0
1,3398,0.6253217675222201,0.6776367516563262,0.05231498413410607,4,2,2,98,71,27,0.5,0.2755102040816326,4,2,0,0,0,0
1,3412,0.5068753563748136,0.5014015605418536,-0.005473795832960038,13,6,7,403,292,111,0.5384615384615384,0.27543424317617865,12,4,3,0,0,0
1,3425,0.4543305257300019,0.4543305257300019,0.0,1,1,0,2,2,0,0.0,0.0,1,0,0,0,0,0
1,3427,0.7161139178576481,0.7172711229900873,0.0011572051324392207,12,5,7,26,10,16,0.5833333333333334,0.6153846153846154,12,7,0,0,0,0
1,3434,0.7518933326681931,0.634783493440551,-0.11710983922764218,4,1,3,113,11,102,0.75,0.9026548672566371,4,3,0,0,0,0
1,3435,0.8580109313835133,0.8424846157988165,-0.015526315584696748,3,2,1,196,193,3,0.3333333333333333,0.015306122448979591,3,1,0,0,0,0
1,3453,0.8948209487810241,0.8948209487810241,0.0,2,2,0,4,4,0,0.0,0.0,2,0,0,0,0,0
1,3456,0.7085793102694914,0.7487779124055266,0.04019860213603521,3,2,1,15,13,2,0.3333333333333333,0.13333333333333333,3,1,0,0,0,0
1,3492,0.5104797058965436,0.4961580145800535,-0.014321691316490082,3,2,1,18,16,2,0.3333333333333333,0.1111111111111111,3,1,0,0,0,0
1,3498,0.6202768510316028,0.6202768510316028,0.0,2,2,0,5,5,0,0.0,0.0,2,0,0,0,0,0
1,3513,0.9209529755392831,0.9209529755392831,0.0,1,1,0,29,29,0,0.0,0.0,1,0,0,0,0,0
1,3537,0.7585243849138378,0.7585243849138378,0.0,1,1,0,2,2,0,0.0,0.0,1,0,0,0,0,0
1,3541,0.7745093059160753,0.7745093059160753,0.0,1,1,0,6,6,0,0.0,0.0,1,0,0,0,0,0
1,3554,0.7071402627166989,0.7194559134038447,0.012315650687145796,84,55,29,2638,1435,1203,0.34523809523809523,0.45602729340409404,83,25,4,0,0,0
1,3560,0.6128227300521374,0.5738884584693015,-0.03893427158283591,3,2,1,12,9,3,0.3333333333333333,0.25,3,1,0,0,0,0
1,3562,0.5735818728936739,0.5054047767197489,-0.06817709617392498,7,3,4,498,432,66,0.5714285714285714,0.13253012048192772,7,3,1,0,0,0
1,3563,0.812541421656264,0.8238230659909462,0.011281644334682261,5,3,2,83,70,13,0.4,0.1566265060240964,5,2,0,0,0,0
1,3564,0.6856859518466774,0.6389334067091004,-0.046752545137576984,4,2,2,107,101,6,0.5,0.056074766355140186,4,2,0,0,0,0
1,3574,0.7502383762739884,0.7502383762739884,0.0,2,2,0,12,12,0,0.0,0.0,2,0,0,0,0,0
1,3579,0.6827800905761279,0.6799008291105906,-0.0028792614655372972,3,2,1,21,12,9,0.3333333333333333,0.42857142857142855,3,1,0,0,0,0
1,3678,0.761105257011048,0.7141141230733482,-0.046991133937699825,3,2,1,23,12,11,0.3333333333333333,0.4782608695652174,3,1,0,0,0,0
1,3680,0.7100908946252475,0.7887430641916438,0.0786521695663962,2,1,1,7,3,4,0.5,0.5714285714285714,2,1,0,0,0,0
1,3684,0.6867854580254025,0.7407756888998973,0.05399023087449484,3,2,1,22,11,11,0.3333333333333333,0.5,3,1,0,0,0,0
1,3709,0.5151840112732273,0.5129286564320348,-0.0022553548411925473,5,4,1,968,963,5,0.2,0.005165289256198347,5,1,0,0,0,0
1,3711,0.49002680896082174,0.48494542240723626,-0.005081386553585476,4,3,1,95,93,2,0.25,0.021052631578947368,4,1,0,0,0,0
1,3726,0.6654429324822151,0.6631297086178313,-0.0023132238643838177,3,2,1,23,21,2,0.3333333333333333,0.08695652173913043,3,1,0,0,0,0
1,3728,0.8478330505962034,0.8478330505962034,0.0,1,1,0,2,2,0,0.0,0.0,1,0,0,0,0,0
1,3739,0.37542641357331585,0.37542641357331585,0.0,1,1,0,2,2,0,0.0,0.0,1,0,0,0,0,0
1,3744,0.5651962382689346,0.5651962382689346,0.0,1,1,0,2,2,0,0.0,0.0,1,0,0,0,0,0
1,3762,0.6346998624864759,0.6346998624864759,0.0,2,2,0,30,30,0,0.0,0.0,2,0,0,0,0,0
1,3779,0.7362908106381059,0.7362908106381059,0.0,1,1,0,2,2,0,0.0,0.0,1,0,0,0,0,0
1,3785,0.7593717995014632,0.8398291938212168,0.08045739431975363,3,1,2,16,2,14,0.6666666666666666,0.875,3,0,2,0,0,0
1,3794,0.48382822259943337,0.46320324571214266,-0.020624976887290702,3,2,1,31,28,3,0.3333333333333333,0.0967741935483871,3,1,0,0,0,0
1,3816,0.5627680908305871,0.5627680908305871,0.0,1,1,0,2,2,0,0.0,0.0,1,0,0,0,0,0
1,3823,0.6513969353030392,0.9070901755744415,0.2556932402714023,7,3,4,68,12,56,0.5714285714285714,0.8235294117647058,7,0,4,0,0,0
1,3827,0.4886482406841418,0.5728255056177289,0.08417726493358713,4,2,2,78,66,12,0.5,0.15384615384615385,4,0,2,0,0,0
1,3828,0.5205353522627875,0.5428446404659464,0.022309288203158917,8,5,3,912,849,63,0.375,0.06907894736842106,8,3,0,0,0,0
1,3862,0.8345312805902068,0.8345312805902068,0.0,1,1,0,2,2,0,0.0,0.0,1,0,0,0,0,0
1,3894,0.48703608066412796,0.5250536405174695,0.03801755985334154,11,6,5,138,86,52,0.45454545454545453,0.37681159420289856,11,5,0,0,0,0
1,3895,0.5612521212392574,0.4130914846717677,-0.14816063656748968,7,3,4,116,55,61,0.5714285714285714,0.5258620689655172,7,4,0,0,0,0
1,3907,0.6361177888324361,0.6543743932627423,0.01825660443030619,3,2,1,61,58,3,0.3333333333333333,0.04918032786885246,3,1,0,0,0,0
1,3917,0.6250991694380981,0.6250991694380981,0.0,3,3,0,29,29,0,0.0,0.0,3,0,0,0,0,0
1,3918,0.5876045782923043,0.5876045782923043,0.0,3,3,0,55,55,0,0.0,0.0,3,0,0,0,0,0
1,3923,0.4428855100671668,0.5309146969206775,0.08802918685351069,5,3,2,210,184,26,0.4,0.12380952380952381,5,2,0,0,0,0
1,3932,0.7236649086776653,0.7313542509213469,0.007689342243681563,3,2,1,13,12,1,0.3333333333333333,0.07692307692307693,3,0,0,1,0,0
1,3933,0.6658018115639011,0.6658018115639012,1.1102230246251565e-16,4,4,0,1170,1170,0,0.0,0.0,4,0,0,0,0,0
1,3957,0.8167713533954138,0.8167713533954138,0.0,1,1,0,17,17,0,0.0,0.0,1,0,0,0,0,0
1,3960,0.7176414359231947,0.82437573187027,0.10673429594707529,2,1,1,20,18,2,0.5,0.1,2,1,0,0,0,0
1,3962,0.7278890140819227,0.7278890140819227,0.0,1,1,0,39,39,0,0.0,0.0,1,0,0,0,0,0
1,3963,0.6568732463654036,0.7161641277194384,0.05929088135403482,3,2,1,22,20,2,0.3333333333333333,0.09090909090909091,3,1,0,0,0,0
1,3964,0.7297145210634124,0.7297145210634124,0.0,3,3,0,6,6,0,0.0,0.0,3,0,0,0,0,0
1,3965,0.8004565978878089,0.9609749954277472,0.16051839753993835,8,2,6,64,10,54,0.75,0.84375,7,1,5,0,0,0
1,3971,0.48577683053484744,0.48577683053484744,0.0,2,2,0,101,101,0,0.0,0.0,2,0,0,0,0,0
1,3972,0.8216015802466399,0.7815946875234939,-0.04000689272314595,5,3,2,29,19,10,0.4,0.3448275862068966,5,1,1,0,0,0
1,3973,0.8100009048322345,0.8338093265261223,0.02380842169388775,27,19,8,1330,1280,50,0.2962962962962963,0.03759398496240601,26,1,5,0,0,2
1,3989,0.7037002008925373,0.7550997616735668,0.051399560781029585,6,5,1,182,167,15,0.16666666666666666,0.08241758241758242,6,1,0,0,0,0
1,3991,0.9061573953411981,0.9061573953411981,0.0,1,1,0,2,2,0,0.0,0.0,1,0,0,0,0,0
1,4007,0.7689239207354214,0.9327301882323991,0.1638062674969777,13,5,8,109,25,84,0.6153846153846154,0.7706422018348624,11,1,7,0,0,0
1,4019,0.8433323439949538,0.8608007136781958,0.017468369683241947,2,1,1,20,16,4,0.5,0.2,2,1,0,0,0,0
1,4026,0.7459042479045025,0.7634690235631896,0.017564775658687082,3,2,1,54,52,2,0.3333333333333333,0.037037037037037035,3,1,0,0,0,0
1,4036,0.4959276564938411,0.5288768553648038,0.032949198870962704,3,2,1,51,49,2,0.3333333333333333,0.0392156862745098,3,1,0,0,0,0
1,4042,0.7056103618091247,0.732600254959604,0.026989893150479283,7,6,1,126,121,5,0.14285714285714285,0.03968253968253968,7,1,0,0,0,0
1,4045,0.7600780873303011,0.7775038606682556,0.017425773337954475,4,3,1,113,110,3,0.25,0.02654867256637168,4,1,0,0,0,0
1,4047,0.8019525490073705,0.8455155423562579,0.04356299334888747,3,2,1,20,10,10,0.3333333333333333,0.5,3,1,0,0,0,0
1,4048,0.8343882855362942,0.9073887444442958,0.07300045890800166,2,1,1,4,2,2,0.5,0.5,2,1,0,0,0,0
1,4049,0.6151968008358129,0.6283807154112131,0.013183914575400246,4,3,1,12,5,7,0.25,0.5833333333333334,4,1,0,0,0,0
1,4051,0.8005774225541791,0.8951209128572541,0.09454349030307507,2,1,1,6,2,4,0.5,0.6666666666666666,2,1,0,0,0,0
1,4055,0.47216592657088585,0.5066848566126705,0.034518930041784635,4,3,1,44,41,3,0.25,0.06818181818181818,4,1,0,0,0,0
1,4056,0.6690069158191343,0.7065311448321927,0.03752422901305841,4,3,1,44,41,3,0.25,0.06818181818181818,4,1,0,0,0,0
1,4063,0.631394216298615,0.631394216298615,0.0,2,2,0,16,16,0,0.0,0.0,2,0,0,0,0,0
1,4071,0.7797062343004656,0.822142457071354,0.04243622277088843,4,3,1,47,45,2,0.25,0.0425531914893617,4,1,0,0,0,0
1,4072,0.6244712659270384,0.6244712659270384,0.0,1,1,0,2,2,0,0.0,0.0,1,0,0,0,0,0
1,4074,0.6359328130256381,0.65712191818644,0.021189105160801858,6,5,1,286,278,8,0.16666666666666666,0.027972027972027972,6,1,0,0,0,0
1,4081,0.4617557571452817,0.4984717845578166,0.03671602741253488,2,1,1,27,25,2,0.5,0.07407407407407407,2,1,0,0,0,0
1,4090,0.7446805661694307,0.7465953564931588,0.0019147903237280994,2,1,1,7,6,1,0.5,0.14285714285714285,2,1,0,0,0,0
1,4091,0.8046388051908278,0.8998812047912015,0.09524239960037373,2,1,1,4,2,2,0.5,0.5,2,1,0,0,0,0
1,4094,0.6553136403469443,0.7569942920008973,0.10168065165395301,2,1,1,4,2,2,0.5,0.5,2,1,0,0,0,0
1,4105,0.6908815181171527,0.7508535950542814,0.05997207693712869,4,3,1,19,15,4,0.25,0.21052631578947367,4,1,0,0,0,0
1,4109,0.6637589131522399,0.6570154893054703,-0.006743423846769625,2,1,1,8,6,2,0.5,0.25,2,1,0,0,0,0
1,4113,0.4602573406413111,0.522987400030789,0.06273005938947795,4,2,2,37,30,7,0.5,0.1891891891891892,4,2,0,0,0,0
1,4115,0.915417259400039,0.915417259400039,0.0,1,1,0,2,2,0,0.0,0.0,1,0,0,0,0,0
1,4131,0.7928868571407649,0.7928868571407649,0.0,1,1,0,6,6,0,0.0,0.0,1,0,0,0,0,0
1,4132,0.4956710570330378,0.5516147947468595,0.05594373771382166,3,2,1,19,18,1,0.3333333333333333,0.05263157894736842,3,1,0,0,0,0
1,4139,0.8778002457101133,0.8235981140095763,-0.054202131700537004,2,1,1,86,26,60,0.5,0.6976744186046512,2,1,0,0,0,0
1,4152,0.6510993396472813,0.6803474068521675,0.029248067204886263,4,3,1,13,11,2,0.25,0.15384615384615385,4,1,0,0,0,0
1,4160,0.5579991290136963,0.6247970787059768,0.06679794969228048,3,2,1,17,15,2,0.3333333333333333,0.11764705882352941,3,1,0,0,0,0
1,4169,0.6787498095033251,0.7236571449015323,0.04490733539820724,3,2,1,37,35,2,0.3333333333333333,0.05405405405405406,3,1,0,0,0,0
1,4174,0.5642942322236948,0.626659579342682,0.062365347118987224,3,2,1,38,36,2,0.3333333333333333,0.05263157894736842,3,1,0,0,0,0
1,4189,0.6008438094565839,0.5496334137023517,-0.05121039575423214,3,1,2,34,22,12,0.6666666666666666,0.35294117647058826,3,2,0,0,0,0
1,4230,0.5520300442935961,0.5889987952292057,0.036968750935609584,3,2,1,202,199,3,0.3333333333333333,0.01485148514851485,3,1,0,0,0,0
1,4268,0.9294065558848452,0.9294065558848452,0.0,1,1,0,8,8,0,0.0,0.0,1,0,0,0,0,0
1,4269,0.9666818683934718,0.9666818683934718,0.0,1,1,0,3,3,0,0.0,0.0,1,0,0,0,0,0
1,4283,0.7892057955286685,0.7892057955286685,0.0,5,5,0,41,41,0,0.0,0.0,5,0,0,0,0,0
1,4287,0.8056884241388236,0.9038041362465289,0.09811571210770531,2,1,1,4,2,2,0.5,0.5,2,1,0,0,0,0
1,4298,0.7856309982782856,0.7221436177694276,-0.06348738050885805,2,1,1,10,9,1,0.5,0.1,2,1,0,0,0,0
1,4303,0.6385813697807255,0.7153659847253928,0.07678461494466726,2,1,1,5,2,3,0.5,0.6,2,1,0,0,0,0
1,4310,0.6765831215426319,0.7032423650277682,0.026659243485136264,2,1,1,11,9,2,0.5,0.18181818181818182,2,1,0,0,0,0
1,4318,0.6430439121420618,0.6430439121420618,0.0,1,1,0,28,28,0,0.0,0.0,1,0,0,0,0,0
1,4335,0.7293968936140194,0.7519701999649275,0.02257330635090815,15,4,11,260,28,232,0.7333333333333333,0.8923076923076924,14,5,6,0,0,0
1,4337,0.47245816750355973,0.48421845894870685,0.01176029144514712,10,8,2,327,301,26,0.2,0.07951070336391437,10,2,0,0,0,0
1,4341,0.5071459292113278,0.5434309506183328,0.03628502140700496,11,1,10,113,42,71,0.9090909090909091,0.6283185840707964,8,1,9,0,0,0
1,4342,0.7943787512951065,0.8503275369054141,0.05594878561030758,2,1,1,24,22,2,0.5,0.08333333333333333,2,1,0,0,0,0
1,4348,0.6996609734872079,0.762908385656655,0.06324741216944707,2,1,1,19,17,2,0.5,0.10526315789473684,2,1,0,0,0,0
1,4350,0.5836204866317589,0.6323504742698323,0.04872998763807335,2,1,1,15,12,3,0.5,0.2,2,1,0,0,0,0
1,4389,0.606656320323937,0.8602610194311379,0.25360469910720085,6,1,5,87,2,85,0.8333333333333334,0.9770114942528736,6,0,5,0,0,0
1,4417,0.6499742019936958,0.6455419339115285,-0.0044322680821673455,2,1,1,31,29,2,0.5,0.06451612903225806,2,1,0,0,0,0
1,4420,0.7091529682726355,0.7644864894896305,0.055333521216994974,3,2,1,21,19,2,0.3333333333333333,0.09523809523809523,3,1,0,0,0,0
1,4432,0.7350798650777814,0.7350798650777814,0.0,1,1,0,3,3,0,0.0,0.0,1,0,0,0,0,0
1,4445,0.6894857685629652,0.6863293773062276,-0.003156391256737612,2,1,1,63,61,2,0.5,0.031746031746031744,2,1,0,0,0,0
1,4449,0.8037589301637911,0.8899654763012418,0.08620654613745071,2,1,1,4,2,2,0.5,0.5,2,1,0,0,0,0
1,4454,0.5409476933053612,0.5409476933053612,0.0,1,1,0,3,3,0,0.0,0.0,1,0,0,0,0,0
1,4461,0.7003730769845986,0.6195142518247803,-0.08085882515981835,2,1,1,11,8,3,0.5,0.2727272727272727,2,1,0,0,0,0
1,4477,0.9802562157220641,0.9802562157220641,0.0,1,1,0,21,21,0,0.0,0.0,1,0,0,0,0,0
1,4479,0.4578029971606309,0.41906831672740086,-0.03873468043323003,4,2,2,220,136,84,0.5,0.38181818181818183,4,2,0,0,0,0
1,4486,0.6116397358684119,0.6489069704752248,0.037267234606812916,2,1,1,11,9,2,0.5,0.18181818181818182,2,1,0,0,0,0
1,4487,0.9066403594144412,0.9029030430152629,-0.003737316399178292,6,5,1,70,67,3,0.16666666666666666,0.04285714285714286,6,1,0,0,0,0
1,4488,0.8105528429564066,0.8175164431371829,0.0069636001807762415,3,2,1,17,15,2,0.3333333333333333,0.11764705882352941,3,1,0,0,0,0
1,4492,0.8317083149460804,0.8317083149460804,0.0,4,4,0,107,107,0,0.0,0.0,4,0,0,0,0,0
1,4496,0.7256539872904215,0.7411617704738167,0.015507783183395185,6,4,2,29,18,11,0.3333333333333333,0.3793103448275862,6,2,0,0,0,0
1,4497,0.7069378062617178,0.7069378062617178,0.0,1,1,0,2,2,0,0.0,0.0,1,0,0,0,0,0
1,4500,0.7928089396051048,0.8972643781755326,0.10445543857042783,4,2,2,13,4,9,0.5,0.6923076923076923,4,1,1,0,0,0
1,4511,0.8847810925874823,0.8847810925874823,0.0,1,1,0,2,2,0,0.0,0.0,1,0,0,0,0,0
1,4534,0.5978756272644308,0.634785434788981,0.0369098075245502,2,1,1,9,6,3,0.5,0.3333333333333333,2,1,0,0,0,0
1,4544,0.5926148998905463,0.6141334291814481,0.02151852929090181,3,2,1,12,10,2,0.3333333333333333,0.16666666666666666,3,1,0,0,0,0
1,4558,0.8134444632598345,0.902407280333564,0.08896281707372944,2,1,1,4,2,2,0.5,0.5,2,1,0,0,0,0
1,4560,0.6990910357002442,0.7282570769131105,0.029166041212866256,4,3,1,79,76,3,0.25,0.0379746835443038,4,1,0,0,0,0
1,4566,0.8204268074093113,0.8204268074093113,0.0,13,13,0,26,26,0,0.0,0.0,13,0,0,0,0,0
1,4572,0.8090082356740687,0.8090082356740687,0.0,1,1,0,9,9,0,0.0,0.0,1,0,0,0,0,0
1,4575,0.8485404480480985,0.8612381972330838,0.01269774918498534,5,4,1,56,53,3,0.2,0.05357142857142857,5,1,0,0,0,0
1,4576,0.5287835110967185,0.496839738274637,-0.031943772822081495,5,4,1,93,89,4,0.2,0.043010752688172046,5,1,0,0,0,0
1,4577,0.6940572024891304,0.7231579962277801,0.02910079373864971,5,4,1,185,181,4,0.2,0.021621621621621623,5,1,0,0,0,0
1,4579,0.7029311671420586,0.685289905772148,-0.01764126136991062,7,6,1,169,167,2,0.14285714285714285,0.011834319526627219,7,0,1,0,0,0
1,4580,0.5202146503131639,0.5202146503131639,0.0,3,3,0,366,366,0,0.0,0.0,3,0,0,0,0,0
1,4596,0.6846362506325488,0.6495244718260964,-0.03511177880645244,2,1,1,6,5,1,0.5,0.16666666666666666,2,1,0,0,0,0
1,4603,0.5829707670904545,0.589962099005488,0.0069913319150335385,7,6,1,183,182,1,0.14285714285714285,0.00546448087431694,7,1,0,0,0,0
1,4606,0.5070670738818461,0.43968015020574946,-0.06738692367609667,3,2,1,75,72,3,0.3333333333333333,0.04,3,0,1,0,0,0
1,4610,0.5044894294581955,0.500348436335145,-0.004140993123050496,4,2,2,86,83,3,0.5,0.03488372093023256,4,1,1,0,0,0
1,4620,0.9115366601821464,0.9115366601821464,0.0,1,1,0,2,2,0,0.0,0.0,1,0,0,0,0,0
1,4621,0.6207718519400267,0.6159108699152176,-0.004860982024809113,6,5,1,99,94,5,0.16666666666666666,0.050505050505050504,6,1,0,0,0,0
1,4624,0.5923818020843258,0.5816999855903107,-0.010681816494015117,4,2,2,636,206,430,0.5,0.6761006289308176,4,2,0,0,0,0
1,4629,0.5515989657958046,0.6290945016113818,0.07749553581557722,11,7,4,232,117,115,0.36363636363636365,0.4956896551724138,11,4,0,0,0,0
1,4630,0.84067887173136,0.84067887173136,0.0,1,1,0,3,3,0,0.0,0.0,1,0,0,0,0,0
1,4636,0.5234929713094099,0.6032801252410882,0.07978715393167835,10,2,8,455,8,447,0.8,0.9824175824175824,10,4,1,0,0,3
1,4642,0.49213197717954116,0.4892411601674018,-0.002890817012139335,5,4,1,92,89,3,0.2,0.03260869565217391,5,1,0,0,0,0
1,4645,0.7553087058708663,0.7757107904684966,0.020402084597630266,3,2,1,10,8,2,0.3333333333333333,0.2,3,1,0,0,0,0
1,4646,0.7710546446223097,0.5159401416188353,-0.2551145030034744,18,3,15,976,246,730,0.8333333333333334,0.7479508196721312,18,15,0,0,0,0
1,4647,0.6803310130545284,0.6263321410991247,-0.05399887195540365,6,3,3,91,66,25,0.5,0.27472527472527475,6,3,0,0,0,0
1,4662,0.7589532394711334,0.7589532394711335,1.1102230246251565e-16,3,3,0,16,16,0,0.0,0.0,3,0,0,0,0,0
1,4666,0.7763807052271152,0.8324663797447144,0.05608567451759916,10,7,3,304,262,42,0.3,0.13815789473684212,10,3,0,0,0,0
1,4667,0.656112398153454,0.671329266519538,0.015216868366083935,3,2,1,106,96,10,0.3333333333333333,0.09433962264150944,3,1,0,0,0,0
1,4672,0.7737702165790254,0.7212744363532428,-0.05249578022578261,6,4,2,88,44,44,0.3333333333333333,0.5,6,2,0,0,0,0
1,4675,0.49363450692165456,0.4258704930650675,-0.06776401385658704,2,1,1,2,1,1,0.5,0.5,2,1,0,0,0,0
1,4676,0.8101212062907355,0.8101212062907355,0.0,6,6,0,199,199,0,0.0,0.0,6,0,0,0,0,0
1,4682,0.7387337039183638,0.7964075291302876,0.05767382521192377,23,17,6,701,593,108,0.2608695652173913,0.15406562054208273,23,6,0,0,0,0
1,4685,0.8774754985810403,0.8774754985810403,0.0,7,7,0,50,50,0,0.0,0.0,7,0,0,0,0,0
1,4692,0.4693550310015421,0.4649683544529454,-0.004386676548596702,13,10,3,948,874,74,0.23076923076923078,0.07805907172995781,13,3,0,0,0,0
1,4693,0.5290128314725475,0.4740703992503842,-0.05494243222216333,2,1,1,15,12,3,0.5,0.2,2,1,0,0,0,0
1,4694,0.8115715272075941,0.8898107529948361,0.07823922578724207,2,1,1,4,2,2,0.5,0.5,2,1,0,0,0,0
1,4695,0.5513735524517345,0.5037158080907209,-0.047657744361013554,3,2,1,16,14,2,0.3333333333333333,0.125,3,1,0,0,0,0
1,4710,0.8133677635963776,0.9089226300465637,0.09555486645018607,2,1,1,4,2,2,0.5,0.5,2,1,0,0,0,0
1,4718,0.8490090306770599,0.891376946936935,0.04236791625987513,6,3,3,149,130,19,0.5,0.12751677852348994,6,3,0,0,0,0
1,4719,0.8583985212364115,0.8583985212364115,0.0,1,1,0,4,4,0,0.0,0.0,1,0,0,0,0,0
1,4720,0.6672000979315187,0.5258405280872923,-0.14135956984422637,14,4,10,524,181,343,0.7142857142857143,0.6545801526717557,14,10,0,0,0,0
1,4722,0.8677354168574106,0.9048124567736399,0.03707703991622924,8,6,2,211,199,12,0.25,0.05687203791469194,8,2,0,0,0,0
1,4735,0.8799681954419389,0.8911222062568422,0.011154010814903303,5,4,1,209,198,11,0.2,0.05263157894736842,5,1,0,0,0,0
1,4736,0.817746658490057,0.906049620467111,0.088302961977054,2,1,1,4,2,2,0.5,0.5,2,1,0,0,0,0
1,4742,0.7749283903013847,0.8176689373449082,0.04274054704352348,2,1,1,5,2,3,0.5,0.6,2,1,0,0,0,0
1,4749,0.5766318299403346,0.5766318299403346,0.0,1,1,0,2,2,0,0.0,0.0,1,0,0,0,0,0
1,4754,0.6835233883122325,0.6729150970717033,-0.0106082912405292,3,2,1,12,9,3,0.3333333333333333,0.25,3,1,0,0,0,0
1,4755,0.8152782186320179,0.9072110398024291,0.09193282117041124,2,1,1,4,2,2,0.5,0.5,2,1,0,0,0,0
1,4757,0.9385444055683948,0.9385444055683948,0.0,1,1,0,4,4,0,0.0,0.0,1,0,0,0,0,0
1,4779,0.6174051769818003,0.5676937124208288,-0.04971146456097153,10,1,9,26,3,23,0.9,0.8846153846153846,10,9,0,0,0,0
1,4780,0.6107831384820703,0.6107831384820703,0.0,1,1,0,5,5,0,0.0,0.0,1,0,0,0,0,0
1,4801,0.5404475878167074,0.5404475878167074,0.0,1,1,0,2,2,0,0.0,0.0,1,0,0,0,0,0
1,4821,0.7211769494490021,0.7211769494490021,0.0,1,1,0,2,2,0,0.0,0.0,1,0,0,0,0,0
1,4840,0.528783805023065,0.5743909221834402,0.04560711716037524,3,1,2,10,5,5,0.6666666666666666,0.5,3,2,0,0,0,0
1,4879,0.6726204542413576,0.8716094875999498,0.1989890333585922,12,7,5,85,28,57,0.4166666666666667,0.6705882352941176,12,0,5,0,0,0
1,4921,0.677612295134888,0.7136779735097444,0.036065678374856414,4,3,1,8,6,2,0.25,0.25,4,1,0,0,0,0
1,4935,0.5498979934168966,0.5501878346885447,0.0002898412716481058,4,2,2,78,63,15,0.5,0.19230769230769232,4,2,0,0,0,0
1,4942,0.57343226318826,0.57343226318826,0.0,1,1,0,4,4,0,0.0,0.0,1,0,0,0,0,0
1,4949,0.48166796081332086,0.8788817560866033,0.3972137952732825,11,4,7,183,16,167,0.6363636363636364,0.912568306010929,10,0,6,0,0,1
1,4968,0.3062491521228782,0.26617872023871425,-0.040070431884163926,9,4,5,583,104,479,0.5555555555555556,0.8216123499142367,9,2,1,0,0,2
1,4971,0.4243104054457867,0.4243104054457867,0.0,2,2,0,110,110,0,0.0,0.0,2,0,0,0,0,0
1,4980,0.8054285079970701,0.8943852765320062,0.08895676853493606,10,1,9,46,2,44,0.9,0.9565217391304348,10,9,0,0,0,0
1,4992,0.5729360612885719,0.5203017494548818,-0.05263431183369005,4,2,2,28,24,4,0.5,0.14285714285714285,4,1,1,0,0,0
1,4995,0.5702870920366052,0.601638134611383,0.03135104257477783,16,13,3,1027,934,93,0.1875,0.09055501460564752,16,3,0,0,0,0
1,4996,0.6328096314228324,0.6657151752419856,0.03290554381915323,8,4,4,61,51,10,0.5,0.16393442622950818,8,4,0,0,0,0
1,4997,0.7801816170468636,0.792729802477572,0.012548185430708347,4,3,1,35,32,3,0.25,0.08571428571428572,4,1,0,0,0,0
1,4998,0.770467484660226,0.7916174340375874,0.021149949377361477,4,3,1,28,24,4,0.25,0.14285714285714285,4,1,0,0,0,0
1,5014,0.6637840080152142,0.6461084053564332,-0.017675602658780987,3,2,1,10,8,2,0.3333333333333333,0.2,3,1,0,0,0,0
1,5026,0.7861504648559123,0.8115836276730015,0.025433162817089183,3,2,1,17,9,8,0.3333333333333333,0.47058823529411764,3,1,0,0,0,0
1,5034,0.7662022577407082,0.7662022577407082,0.0,1,1,0,2,2,0,0.0,0.0,1,0,0,0,0,0
1,5049,0.8560542787912022,0.8721202474539959,0.01606596866279364,5,4,1,37,36,1,0.2,0.02702702702702703,5,1,0,0,0,0
1,5053,0.6801930757129574,0.6801930757129574,0.0,4,4,0,109,109,0,0.0,0.0,4,0,0,0,0,0
1,5054,0.7444708657256313,0.7347279423954183,-0.009742923330212983,5,3,2,159,133,26,0.4,0.16352201257861634,5,2,0,0,0,0
1,5058,0.704770714691505,0.7350471250474888,0.03027641035598383,18,4,14,250,88,162,0.7777777777777778,0.648,16,6,8,0,0,0
1,5063,0.8815685855024051,0.8834305761758268,0.0018619906734216318,3,2,1,118,116,2,0.3333333333333333,0.01694915254237288,3,1,0,0,0,0
1,5071,0.8186690631732846,0.8191730948815323,0.0005040317082477541,19,18,1,539,538,1,0.05263157894736842,0.0018552875695732839,19,1,0,0,0,0
1,5072,0.6679970866238625,0.7253004363677795,0.05730334974391704,14,4,10,59,29,30,0.7142857142857143,0.5084745762711864,13,3,7,0,0,0
1,5081,0.7938078062651688,0.9035978024079179,0.10978999614274909,3,1,2,6,2,4,0.6666666666666666,0.6666666666666666,3,1,1,0,0,0
1,5082,0.6036410029470067,0.8805032034565621,0.27686220050955535,5,1,4,30,2,28,0.8,0.9333333333333333,4,1,3,0,0,0
1,5083,0.811084147156325,0.8912978562509034,0.08021370909457837,2,1,1,4,2,2,0.5,0.5,2,1,0,0,0,0
1,5085,0.5329183772197452,0.5494692731665055,0.01655089594676029,2,1,1,4,2,2,0.5,0.5,2,1,0,0,0,0
1,5086,0.8154389206863779,0.8902876540974567,0.07484873341107878,2,1,1,4,2,2,0.5,0.5,2,1,0,0,0,0
1,5101,0.5427411297709096,0.525432992465309,-0.017308137305600657,3,1,2,30,24,6,0.6666666666666666,0.2,3,1,1,0,0,0
1,5102,0.8580229273957611,0.8914224623741533,0.03339953497839221,4,1,3,10,2,8,0.75,0.8,3,1,2,0,0,0
1,5108,0.8400834978792511,0.9149764105717515,0.07489291269250042,2,1,1,19,17,2,0.5,0.10526315789473684,2,1,0,0,0,0
1,5109,0.6359975278958758,0.6673765057760204,0.03137897788014454,3,2,1,34,33,1,0.3333333333333333,0.029411764705882353,3,1,0,0,0,0
1,5110,0.8006757277400651,0.8854380566003343,0.08476232886026913,2,1,1,4,2,2,0.5,0.5,2,1,0,0,0,0
1,5111,0.6112000000684534,0.6112000000684534,0.0,5,5,0,178,178,0,0.0,0.0,5,0,0,0,0,0
1,5126,0.48932926126195075,0.48932926126195075,0.0,1,1,0,8,8,0,0.0,0.0,1,0,0,0,0,0
1,5127,0.4632231933035972,0.47544992423603105,0.012226730932433871,13,11,2,3357,3349,8,0.15384615384615385,0.002383080131069407,13,2,0,0,0,0
1,5157,0.7025245872969826,0.7589369656526401,0.05641237835565749,6,2,4,20,9,11,0.6666666666666666,0.55,5,1,3,0,0,0
1,5161,0.7277187478535494,0.7214579962514187,-0.0062607516021306875,3,2,1,120,119,1,0.3333333333333333,0.008333333333333333,3,1,0,0,0,0
1,5215,0.7726369533683516,0.7726369533683516,0.0,1,1,0,2,2,0,0.0,0.0,1,0,0,0,0,0
1,5223,0.8119774131030892,0.8312878549243887,0.019310441821299484,7,5,2,228,221,7,0.2857142857142857,0.03070175438596491,7,2,0,0,0,0
1,5231,0.8152189459951236,0.8588950460344392,0.04367610003931566,8,4,4,86,76,10,0.5,0.11627906976744186,7,1,3,0,0,0
1,5232,0.8105739587014159,0.8840340545614219,0.07346009586000601,2,1,1,4,2,2,0.5,0.5,2,1,0,0,0,0
1,5238,0.9410650954856665,0.9410650954856665,0.0,1,1,0,1,1,0,0.0,0.0,1,0,0,0,0,0
1,5242,0.8589614386980234,0.9048789875390072,0.04591754884098376,3,1,2,25,21,4,0.6666666666666666,0.16,3,1,1,0,0,0
1,5264,0.5720451749079127,0.5729692083882016,0.0009240334802889105,3,2,1,9,8,1,0.3333333333333333,0.1111111111111111,3,1,0,0,0,0
1,5270,0.43147543112580766,0.4481375848859558,0.016662153760148124,5,4,1,66,64,2,0.2,0.030303030303030304,5,1,0,0,0,0
1,5331,0.8355034515933052,0.859551098168367,0.024047646575061754,26,19,7,227,114,113,0.2692307692307692,0.4977973568281938,25,0,5,0,0,2
1,5336,0.48073058514145495,0.4708469532974755,-0.009883631843979446,2,1,1,4,2,2,0.5,0.5,2,1,0,0,0,0
1,5344,0.7088693496631066,0.7548863368058656,0.046016987142759036,2,1,1,5,4,1,0.5,0.2,2,1,0,0,0,0
1,5351,0.6098138543083623,0.7251578663480285,0.11534401203966616,3,1,2,12,2,10,0.6666666666666666,0.8333333333333334,3,0,2,0,0,0
1,5377,0.5748601941074742,0.8296249474161881,0.25476475330871384,2,1,1,4,2,2,0.5,0.5,2,0,1,0,0,0
1,5382,0.637492553639687,0.6006632529662896,-0.0368293006733974,2,1,1,17,14,3,0.5,0.17647058823529413,2,1,0,0,0,0
1,5383,0.728167212571206,0.7607885644974,0.032621351926193976,28,20,8,674,553,121,0.2857142857142857,0.1795252225519288,27,1,7,0,0,0
1,5389,0.6611635048148278,0.6806059100096432,0.019442405194815437,2,1,1,5,3,2,0.5,0.4,2,1,0,0,0,0
1,5393,0.7681490592564888,0.771857249021437,0.0037081897649482443,3,2,1,11,9,2,0.3333333333333333,0.18181818181818182,3,1,0,0,0,0
1,5457,0.639277720214485,0.8265849621829905,0.18730724196850546,35,6,29,694,44,650,0.8285714285714286,0.9365994236311239,30,8,17,0,0,4
1,5460,0.8140304024498338,0.8502753480615017,0.03624494561166791,2,1,1,14,10,4,0.5,0.2857142857142857,2,1,0,0,0,0
1,5476,0.5971256514106352,0.7081394909012797,0.11101383949064447,5,1,4,32,2,30,0.8,0.9375,5,0,4,0,0,0
1,5485,0.8135258521331615,0.8135258521331615,0.0,1,1,0,2,2,0,0.0,0.0,1,0,0,0,0,0
1,5496,0.5645105392949054,0.6090170136325581,0.04450647433765276,4,2,2,16,3,13,0.5,0.8125,4,2,0,0,0,0
1,5499,0.5413832832989991,0.4051385491997568,-0.13624473409924232,5,3,2,34,15,19,0.4,0.5588235294117647,5,2,0,0,0,0
1,5526,0.769232698102432,0.7605534127673923,-0.0086792853350397,4,3,1,134,130,4,0.25,0.029850746268656716,4,1,0,0,0,0
1,5599,0.5588538029559651,0.5588538029559651,0.0,1,1,0,3,3,0,0.0,0.0,1,0,0,0,0,0
1,5620,0.7901894348871255,0.8293636076949894,0.03917417280786395,10,8,2,41,35,6,0.2,0.14634146341463414,10,0,2,0,0,0
1,5623,0.6903917598521917,0.7528511780167059,0.06245941816451417,12,5,7,67,46,21,0.5833333333333334,0.31343283582089554,12,4,3,0,0,0
1,5626,0.6713812347120491,0.6775364901748242,0.006155255462775067,7,4,3,264,172,92,0.42857142857142855,0.3484848484848485,7,3,0,0,0,0
1,5627,0.781130437420647,0.7175290783828496,-0.0636013590377974,8,2,6,26,6,20,0.75,0.7692307692307693,8,1,3,0,0,2
1,5630,0.5950830578970162,0.605690922603316,0.010607864706299819,3,2,1,137,134,3,0.3333333333333333,0.021897810218978103,3,1,0,0,0,0
1,5632,0.862887776113031,0.9119914837146461,0.04910370760161509,9,6,3,62,39,23,0.3333333333333333,0.3709677419354839,9,2,1,0,0,0
1,5634,0.7420500637520544,0.7334742049840368,-0.008575858768017586,5,3,2,141,121,20,0.4,0.14184397163120568,5,2,0,0,0,0
1,5637,0.6346793486476972,0.5560076670580663,-0.07867168158963089,4,2,2,40,23,17,0.5,0.425,4,2,0,0,0,0
1,5638,0.6321241472426804,0.6321241472426804,0.0,1,1,0,12,12,0,0.0,0.0,1,0,0,0,0,0
1,5647,0.5388181131016803,0.4763596034453266,-0.06245850965635369,2,1,1,5,3,2,0.5,0.4,2,1,0,0,0,0
1,5648,0.8231816225842155,0.8780733562754734,0.05489173369125799,2,1,1,23,21,2,0.5,0.08695652173913043,2,1,0,0,0,0
1,5649,0.9022538283489112,0.9022538283489112,0.0,1,1,0,2,2,0,0.0,0.0,1,0,0,0,0,0
1,5659,0.6662272684342508,0.5800747409861979,-0.0861525274480529,2,1,1,6,3,3,0.5,0.5,2,1,0,0,0,0
1,5674,0.6405601784497121,0.6100526182110098,-0.03050756023870238,2,1,1,6,4,2,0.5,0.3333333333333333,2,1,0,0,0,0
1,5700,0.631068680050886,0.631068680050886,0.0,1,1,0,27,27,0,0.0,0.0,1,0,0,0,0,0
1,5727,0.6331130753621668,0.7817411141156185,0.14862803875345176,24,1,23,2410,2,2408,0.9583333333333334,0.9991701244813278,18,0,21,0,0,2
1,5731,0.7884731973825392,0.8236661077099826,0.03519291032744343,11,5,6,362,76,286,0.5454545454545454,0.7900552486187845,11,3,2,0,0,1
1,5736,0.6890205872461324,0.7047299963805064,0.01570940913437402,6,4,2,522,460,62,0.3333333333333333,0.11877394636015326,6,2,0,0,0,0
1,5777,0.5933693264464104,0.4945239285582286,-0.09884539788818181,2,1,1,3,2,1,0.5,0.3333333333333333,2,1,0,0,0,0
1,5797,0.8007584853498616,0.8370895632854826,0.03633107793562096,3,2,1,38,35,3,0.3333333333333333,0.07894736842105263,3,1,0,0,0,0
1,5799,0.8514072948191889,0.8605468683761136,0.00913957355692474,3,2,1,95,94,1,0.3333333333333333,0.010526315789473684,3,1,0,0,0,0
1,5808,0.8569608810588772,0.8569608810588772,0.0,1,1,0,2,2,0,0.0,0.0,1,0,0,0,0,0
1,5812,0.6410572281204931,0.7432239458479442,0.102166717727451,36,16,20,1786,870,916,0.5555555555555556,0.5128779395296752,36,20,0,0,0,0
1,5818,0.5972054328430582,0.6073159560946373,0.010110523251579129,6,5,1,239,234,5,0.16666666666666666,0.02092050209205021,6,1,0,0,0,0
1,5844,0.7080866750720446,0.8752088793263423,0.1671222042542977,4,2,2,17,6,11,0.5,0.6470588235294118,4,0,2,0,0,0
1,5898,0.8276137744969121,0.9032089855465718,0.07559521104965972,4,2,2,17,10,7,0.5,0.4117647058823529,4,2,0,0,0,0
1,5899,0.9025332941581522,0.9222662418743454,0.01973294771619316,3,2,1,36,34,2,0.3333333333333333,0.05555555555555555,3,1,0,0,0,0
1,5903,0.8839714107953095,0.8297351300938511,-0.05423628070145836,2,1,1,10,5,5,0.5,0.5,2,1,0,0,0,0
1,5917,0.832933974453876,0.8625157458319928,0.029581771378116795,7,5,2,182,178,4,0.2857142857142857,0.02197802197802198,7,2,0,0,0,0
1,5928,0.6443383864623049,0.6491889391555685,0.004850552693263621,10,8,2,274,270,4,0.2,0.014598540145985401,10,2,0,0,0,0
1,6013,0.8909919925150913,0.9463298055376168,0.055337813022525495,2,1,1,7,5,2,0.5,0.2857142857142857,2,1,0,0,0,0
